zipcode,state
10079,NY
10092,NY
10013,NY
10003,NY
10076,NY
10063,NY
10064,NY
10088,NY
10048,NY
10038,NY
10098,NY
10032,NY
10051,NY
10053,NY
10021,NY
10015,NY
10049,NY
10067,NY
10023,NY
10078,NY
10074,NY
10087,NY
10030,NY
10008,NY
10031,NY
10061,NY
10019,NY
10090,NY
10085,NY
10071,NY
10050,NY
10005,NY
10044,NY
10060,NY
10006,NY
10017,NY
10022,NY
10094,NY
10018,NY
10020,NY
10096,NY
10036,NY
10093,NY
10014,NY
10040,NY
10075,NY
10004,NY
10026,NY
10086,NY
10034,NY
10035,NY
10000,NY
10081,NY
10041,NY
10069,NY
10062,NY
10010,NY
10055,NY
10059,NY
10077,NY
10011,NY
10099,NY
10001,NY
10097,NY
10072,NY
10089,NY
10042,NY
10056,NY
10068,NY
10043,NY
10058,NY
10080,NY
10039,NY
10016,NY
10033,NY
10066,NY
10057,NY
10052,NY
10082,NY
10083,NY
10073,NY
10002,NY
10070,NY
10028,NY
10024,NY
10046,NY
10054,NY
10045,NY
10027,NY
10101,NY
10156,NY
10179,NY
10171,NY
10146,NY
10148,NY
10142,NY
10186,NY
10131,NY
10132,NY
10158,NY
10105,NY
10149,NY
10123,NY
10118,NY
10157,NY
10136,NY
10151,NY
10114,NY
10192,NY
10140,NY
10104,NY
10187,NY
10153,NY
10175,NY
10170,NY
10100,NY
10163,NY
10134,NY
10176,NY
10144,NY
10141,NY
10122,NY
10160,NY
10120,NY
10135,NY
10195,NY
10168,NY
10111,NY
10167,NY
10106,NY
10115,NY
10152,NY
10137,NY
10184,NY
10145,NY
10108,NY
10162,NY
10169,NY
10197,NY
10113,NY
10193,NY
10172,NY
10139,NY
10121,NY
10138,NY
10155,NY
10150,NY
10189,NY
10129,NY
10124,NY
10185,NY
10191,NY
10161,NY
10147,NY
10178,NY
10110,NY
10164,NY
10125,NY
10130,NY
10116,NY
10181,NY
10166,NY
10188,NY
10199,NY
10177,NY
10117,NY
10198,NY
10128,NY
10173,NY
10165,NY
10107,NY
10190,NY
10196,NY
10182,NY
10143,NY
10159,NY
10126,NY
10133,NY
10276,NY
10227,NY
10293,NY
10264,NY
10257,NY
10209,NY
10202,NY
10244,NY
10275,NY
10224,NY
10242,NY
10212,NY
10225,NY
10217,NY
10222,NY
10278,NY
10248,NY
10285,NY
10223,NY
10263,NY
10294,NY
10279,NY
10220,NY
10286,NY
10291,NY
10271,NY
10251,NY
10237,NY
10288,NY
10273,NY
10280,NY
10297,NY
10226,NY
10250,NY
10269,NY
10236,NY
10253,NY
10234,NY
10282,NY
10200,NY
10265,NY
10281,NY
10255,NY
10252,NY
10206,NY
10241,NY
10254,NY
10260,NY
10245,NY
10204,NY
10240,NY
10214,NY
10290,NY
10207,NY
10203,NY
10298,NY
10239,NY
10299,NY
10247,NY
10258,NY
10216,NY
10231,NY
10213,NY
10295,NY
10235,NY
10218,NY
10283,NY
10215,NY
10259,NY
10249,NY
10274,NY
10272,NY
10266,NY
10230,NY
10270,NY
10211,NY
10221,NY
10228,NY
10210,NY
10219,NY
10268,NY
10205,NY
10238,NY
10229,NY
10246,NY
10233,NY
10201,NY
10267,NY
10287,NY
10467,NY
10427,NY
10485,NY
10474,NY
10462,NY
10410,NY
10449,NY
10470,NY
10400,NY
10431,NY
10434,NY
10426,NY
10496,NY
10439,NY
10423,NY
10450,NY
10453,NY
10455,NY
10469,NY
10422,NY
10468,NY
10402,NY
10436,NY
10440,NY
10447,NY
10413,NY
10460,NY
10497,NY
10442,NY
10478,NY
10499,NY
10464,NY
10437,NY
10409,NY
10473,NY
10457,NY
10482,NY
10459,NY
10435,NY
10491,NY
10458,NY
10429,NY
10461,NY
10419,NY
10494,NY
10412,NY
10448,NY
10408,NY
10432,NY
10475,NY
10421,NY
10430,NY
10488,NY
10401,NY
10403,NY
10484,NY
10479,NY
10405,NY
10406,NY
10433,NY
10416,NY
10471,NY
10481,NY
10444,NY
10480,NY
10420,NY
10454,NY
10443,NY
10445,NY
10476,NY
10407,NY
10472,NY
10438,NY
10495,NY
10463,NY
10490,NY
10492,NY
10493,NY
10452,NY
10414,NY
10441,NY
10418,NY
10477,NY
10486,NY
10415,NY
10456,NY
10487,NY
10424,NY
10411,NY
11259,NY
11219,NY
11230,NY
11272,NY
11218,NY
11211,NY
11265,NY
11295,NY
11264,NY
11235,NY
11292,NY
11298,NY
11289,NY
11229,NY
11228,NY
11293,NY
11291,NY
11282,NY
11249,NY
11250,NY
11285,NY
11206,NY
11299,NY
11280,NY
11253,NY
11214,NY
11207,NY
11276,NY
11267,NY
11281,NY
11252,NY
11290,NY
11266,NY
11208,NY
11268,NY
11226,NY
11202,NY
11215,NY
11262,NY
11220,NY
11213,NY
11257,NY
11243,NY
11254,NY
11260,NY
11258,NY
11240,NY
11221,NY
11231,NY
11279,NY
11242,NY
11278,NY
11237,NY
11247,NY
11277,NY
11225,NY
11296,NY
11255,NY
11233,NY
11201,NY
11256,NY
11275,NY
11261,NY
11234,NY
11200,NY
11274,NY
11217,NY
11287,NY
11223,NY
11269,NY
11246,NY
11212,NY
11205,NY
11288,NY
11222,NY
11245,NY
11216,NY
11251,NY
11273,NY
11284,NY
11239,NY
11241,NY
11283,NY
11203,NY
11232,NY
11238,NY
11297,NY
11263,NY
11236,NY
11303,NY
11343,NY
11307,NY
11306,NY
11385,NY
11395,NY
11365,NY
11340,NY
11348,NY
11355,NY
11342,NY
11314,NY
11398,NY
11347,NY
11319,NY
11354,NY
11333,NY
11326,NY
11362,NY
11302,NY
11330,NY
11315,NY
11325,NY
11337,NY
11310,NY
11377,NY
11320,NY
11321,NY
11367,NY
11399,NY
11345,NY
11324,NY
11364,NY
11336,NY
11357,NY
11388,NY
11380,NY
11356,NY
11386,NY
11313,NY
11335,NY
11370,NY
11327,NY
11392,NY
11346,NY
11308,NY
11366,NY
11323,NY
11334,NY
11351,NY
11350,NY
11328,NY
11329,NY
11368,NY
11374,NY
11338,NY
11311,NY
11341,NY
11322,NY
11309,NY
11349,NY
11393,NY
11358,NY
11391,NY
11317,NY
11373,NY
11339,NY
11397,NY
11353,NY
11371,NY
11316,NY
11301,NY
11389,NY
11344,NY
11305,NY
11332,NY
11359,NY
11381,NY
11300,NY
11304,NY
11363,NY
11312,NY
11382,NY
11378,NY
11383,NY
11390,NY
11361,NY
11369,NY
11372,NY
07044,NJ
07004,NJ
07084,NJ
07093,NJ
07099,NJ
07050,NJ
07060,NJ
07071,NJ
07080,NJ
07091,NJ
07076,NJ
07023,NJ
07056,NJ
07015,NJ
07086,NJ
07030,NJ
07049,NJ
07075,NJ
07045,NJ
07024,NJ
07025,NJ
07072,NJ
07035,NJ
07012,NJ
07029,NJ
07082,NJ
07006,NJ
07009,NJ
07002,NJ
07027,NJ
07042,NJ
07036,NJ
07021,NJ
07017,NJ
07077,NJ
07053,NJ
07018,NJ
07039,NJ
07063,NJ
07003,NJ
07019,NJ
07007,NJ
07020,NJ
07059,NJ
07047,NJ
07048,NJ
07000,NJ
07073,NJ
07096,NJ
07066,NJ
07038,NJ
07074,NJ
07095,NJ
07079,NJ
07026,NJ
07092,NJ
07087,NJ
07014,NJ
07070,NJ
07011,NJ
07051,NJ
07041,NJ
07094,NJ
07016,NJ
07069,NJ
07046,NJ
07013,NJ
07097,NJ
07064,NJ
07034,NJ
07088,NJ
07010,NJ
07089,NJ
07098,NJ
07057,NJ
07054,NJ
07052,NJ
07083,NJ
07065,NJ
07085,NJ
07043,NJ
07055,NJ
07068,NJ
07067,NJ
07032,NJ
07031,NJ
07058,NJ
07061,NJ
07022,NJ
07367,NJ
07352,NJ
07326,NJ
07330,NJ
07307,NJ
07304,NJ
07355,NJ
07324,NJ
07339,NJ
07315,NJ
07384,NJ
07390,NJ
07323,NJ
07396,NJ
07359,NJ
07381,NJ
07358,NJ
07386,NJ
07347,NJ
07318,NJ
07379,NJ
07321,NJ
07333,NJ
07397,NJ
07357,NJ
07351,NJ
07334,NJ
07362,NJ
07335,NJ
07360,NJ
07319,NJ
07337,NJ
07356,NJ
07387,NJ
07392,NJ
07345,NJ
07383,NJ
07391,NJ
07369,NJ
07373,NJ
07316,NJ
07350,NJ
07346,NJ
07393,NJ
07375,NJ
07348,NJ
07328,NJ
07349,NJ
07353,NJ
07322,NJ
07361,NJ
07371,NJ
07354,NJ
07311,NJ
07313,NJ
07338,NJ
07336,NJ
07329,NJ
07310,NJ
07365,NJ
07364,NJ
07327,NJ
07378,NJ
07382,NJ
07309,NJ
07376,NJ
07301,NJ
07399,NJ
07332,NJ
07300,NJ
07312,NJ
07374,NJ
07331,NJ
07395,NJ
07363,NJ
07344,NJ
07380,NJ
07368,NJ
07385,NJ
07372,NJ
07398,NJ
07305,NJ
07325,NJ
07388,NJ
07394,NJ
07342,NJ
07314,NJ
07343,NJ
07366,NJ
07668,NJ
07620,NJ
07692,NJ
07631,NJ
07608,NJ
07600,NJ
07670,NJ
07669,NJ
07674,NJ
07697,NJ
07613,NJ
07694,NJ
07646,NJ
07663,NJ
07657,NJ
07676,NJ
07672,NJ
07660,NJ
07678,NJ
07628,NJ
07675,NJ
07664,NJ
07639,NJ
07622,NJ
07604,NJ
07647,NJ
07603,NJ
07662,NJ
07606,NJ
07680,NJ
07689,NJ
07624,NJ
07693,NJ
07699,NJ
07687,NJ
07621,NJ
07686,NJ
07601,NJ
07641,NJ
07652,NJ
07644,NJ
07632,NJ
07650,NJ
07684,NJ
07667,NJ
07642,NJ
07618,NJ
07685,NJ
07623,NJ
07605,NJ
07698,NJ
07695,NJ
07661,NJ
07609,NJ
07625,NJ
07679,NJ
07616,NJ
07602,NJ
07654,NJ
07677,NJ
07648,NJ
07617,NJ
07688,NJ
07658,NJ
07629,NJ
07656,NJ
07683,NJ
07666,NJ
07643,NJ
07626,NJ
07637,NJ
07640,NJ
07630,NJ
07651,NJ
07655,NJ
07653,NJ
07696,NJ
07645,NJ
07611,NJ
07610,NJ
07671,NJ
07673,NJ
07627,NJ
07681,NJ
07690,NJ
07633,NJ
07635,NJ
07607,NJ
07615,NJ
90099,CA
90024,CA
90073,CA
90009,CA
90070,CA
90075,CA
90015,CA
90088,CA
90021,CA
90068,CA
90055,CA
90023,CA
90050,CA
90066,CA
90028,CA
90057,CA
90007,CA
90044,CA
90031,CA
90049,CA
90079,CA
90006,CA
90061,CA
90017,CA
90086,CA
90018,CA
90059,CA
90082,CA
90047,CA
90051,CA
90003,CA
90019,CA
90014,CA
90000,CA
90039,CA
90012,CA
90083,CA
90005,CA
90032,CA
90071,CA
90077,CA
90067,CA
90093,CA
90004,CA
90063,CA
90036,CA
90098,CA
90096,CA
90034,CA
90002,CA
90080,CA
90052,CA
90042,CA
90060,CA
90027,CA
90094,CA
90081,CA
90089,CA
90043,CA
90041,CA
90033,CA
90029,CA
90008,CA
90062,CA
90091,CA
90038,CA
90056,CA
90048,CA
90095,CA
90045,CA
90090,CA
90069,CA
90016,CA
90010,CA
90030,CA
90011,CA
90065,CA
90092,CA
90013,CA
90046,CA
90085,CA
90097,CA
90054,CA
90022,CA
90064,CA
90087,CA
90072,CA
90020,CA
90078,CA
90297,CA
90259,CA
90282,CA
90256,CA
90249,CA
90244,CA
90225,CA
90222,CA
90228,CA
90219,CA
90288,CA
90295,CA
90264,CA
90291,CA
90232,CA
90294,CA
90206,CA
90267,CA
90230,CA
90207,CA
90211,CA
90251,CA
90231,CA
90289,CA
90238,CA
90260,CA
90241,CA
90221,CA
90247,CA
90299,CA
90212,CA
90205,CA
90270,CA
90234,CA
90210,CA
90245,CA
90283,CA
90208,CA
90224,CA
90202,CA
90218,CA
90292,CA
90266,CA
90273,CA
90223,CA
90276,CA
90248,CA
90277,CA
90246,CA
90290,CA
90215,CA
90201,CA
90293,CA
90296,CA
90209,CA
90261,CA
90220,CA
90269,CA
90229,CA
90216,CA
90217,CA
90236,CA
90204,CA
90200,CA
90233,CA
90253,CA
90263,CA
90258,CA
90262,CA
90254,CA
90255,CA
90275,CA
90271,CA
90242,CA
90239,CA
90298,CA
90265,CA
90257,CA
90252,CA
90250,CA
90274,CA
90240,CA
90278,CA
90226,CA
90272,CA
90279,CA
90281,CA
90284,CA
90243,CA
90496,CA
90472,CA
90409,CA
90459,CA
90477,CA
90489,CA
90402,CA
90499,CA
90428,CA
90490,CA
90444,CA
90439,CA
90478,CA
90493,CA
90486,CA
90494,CA
90464,CA
90434,CA
90453,CA
90469,CA
90482,CA
90405,CA
90447,CA
90430,CA
90441,CA
90481,CA
90410,CA
90433,CA
90470,CA
90437,CA
90418,CA
90468,CA
90400,CA
90429,CA
90442,CA
90414,CA
90416,CA
90445,CA
90465,CA
90484,CA
90432,CA
90488,CA
90466,CA
90480,CA
90476,CA
90423,CA
90450,CA
90411,CA
90446,CA
90458,CA
90407,CA
90471,CA
90408,CA
90449,CA
90498,CA
90456,CA
90436,CA
90426,CA
90435,CA
90443,CA
90492,CA
90487,CA
90419,CA
90415,CA
90406,CA
90452,CA
90438,CA
90425,CA
90467,CA
90495,CA
90485,CA
90460,CA
90491,CA
90475,CA
90420,CA
90457,CA
90448,CA
90421,CA
90427,CA
90401,CA
90424,CA
90462,CA
90422,CA
90454,CA
90451,CA
90404,CA
90413,CA
90461,CA
90463,CA
90659,CA
90627,CA
90684,CA
90688,CA
90670,CA
90671,CA
90693,CA
90695,CA
90682,CA
90628,CA
90640,CA
90615,CA
90675,CA
90661,CA
90674,CA
90623,CA
90663,CA
90650,CA
90604,CA
90643,CA
90607,CA
90690,CA
90624,CA
90683,CA
90630,CA
90677,CA
90668,CA
90694,CA
90621,CA
90641,CA
90652,CA
90662,CA
90696,CA
90605,CA
90631,CA
90664,CA
90632,CA
90691,CA
90656,CA
90647,CA
90666,CA
90687,CA
90678,CA
90639,CA
90653,CA
90609,CA
90665,CA
90638,CA
90637,CA
90673,CA
90614,CA
90672,CA
90681,CA
90669,CA
90601,CA
90658,CA
90692,CA
90620,CA
90649,CA
90626,CA
90606,CA
90660,CA
90648,CA
90686,CA
90657,CA
90600,CA
90685,CA
90608,CA
90645,CA
90612,CA
90689,CA
90680,CA
90610,CA
90619,CA
90676,CA
90635,CA
90654,CA
90629,CA
90634,CA
90603,CA
90602,CA
90646,CA
90622,CA
90655,CA
90613,CA
90636,CA
90633,CA
90699,CA
90617,CA
90784,CA
90774,CA
90779,CA
90728,CA
90724,CA
90726,CA
90771,CA
90776,CA
90702,CA
90770,CA
90754,CA
90750,CA
90712,CA
90796,CA
90713,CA
90755,CA
90746,CA
90708,CA
90745,CA
90765,CA
90701,CA
90732,CA
90786,CA
90744,CA
90719,CA
90767,CA
90729,CA
90716,CA
90727,CA
90752,CA
90703,CA
90791,CA
90772,CA
90789,CA
90706,CA
90792,CA
90759,CA
90717,CA
90720,CA
90730,CA
90777,CA
90736,CA
90775,CA
90788,CA
90761,CA
90764,CA
90751,CA
90782,CA
90778,CA
90734,CA
90785,CA
90768,CA
90793,CA
90709,CA
90753,CA
90773,CA
90738,CA
90794,CA
90707,CA
90749,CA
90756,CA
90718,CA
90783,CA
90790,CA
90762,CA
90766,CA
90739,CA
90733,CA
90757,CA
90760,CA
90715,CA
90700,CA
90747,CA
90787,CA
90704,CA
90795,CA
90799,CA
90780,CA
90763,CA
90710,CA
90743,CA
90725,CA
90723,CA
90769,CA
90737,CA
90742,CA
90758,CA
90731,CA
90781,CA
90873,CA
90848,CA
90856,CA
90877,CA
90895,CA
90801,CA
90859,CA
90816,CA
90878,CA
90871,CA
90839,CA
90892,CA
90807,CA
90899,CA
90874,CA
90845,CA
90800,CA
90843,CA
90880,CA
90837,CA
90858,CA
90881,CA
90808,CA
90831,CA
90847,CA
90861,CA
90897,CA
90860,CA
90803,CA
90841,CA
90819,CA
90804,CA
90836,CA
90829,CA
90886,CA
90806,CA
90876,CA
90822,CA
90844,CA
90855,CA
90867,CA
90818,CA
90885,CA
90832,CA
90896,CA
90833,CA
90802,CA
90872,CA
90891,CA
90879,CA
90854,CA
90849,CA
90828,CA
90825,CA
90840,CA
90838,CA
90883,CA
90821,CA
90887,CA
90888,CA
90884,CA
90894,CA
90814,CA
90868,CA
90851,CA
90810,CA
90846,CA
90813,CA
90893,CA
90835,CA
90865,CA
90866,CA
90857,CA
90827,CA
90869,CA
90890,CA
90853,CA
90817,CA
90864,CA
90826,CA
90824,CA
90898,CA
90834,CA
90875,CA
90811,CA
90863,CA
90830,CA
90850,CA
90842,CA
91006,CA
91094,CA
91085,CA
91031,CA
91074,CA
91042,CA
91037,CA
91071,CA
91044,CA
91014,CA
91047,CA
91075,CA
91003,CA
91005,CA
91079,CA
91054,CA
91007,CA
91095,CA
91002,CA
91068,CA
91033,CA
91093,CA
91080,CA
91001,CA
91061,CA
91056,CA
91099,CA
91076,CA
91038,CA
91097,CA
91017,CA
91023,CA
91035,CA
91050,CA
91022,CA
91084,CA
91058,CA
91081,CA
91004,CA
91016,CA
91098,CA
91013,CA
91009,CA
91026,CA
91083,CA
91066,CA
91015,CA
91060,CA
91072,CA
91057,CA
91049,CA
91065,CA
91030,CA
91064,CA
91012,CA
91028,CA
91034,CA
91073,CA
91069,CA
91096,CA
91088,CA
91021,CA
91045,CA
91036,CA
91048,CA
91070,CA
91041,CA
91020,CA
91092,CA
91040,CA
91091,CA
91011,CA
91039,CA
91000,CA
91067,CA
91019,CA
91062,CA
91008,CA
91027,CA
91089,CA
91063,CA
91059,CA
91086,CA
91077,CA
91087,CA
91025,CA
91032,CA
91018,CA
91010,CA
91300,CA
91385,CA
91329,CA
91321,CA
91367,CA
91378,CA
91332,CA
91389,CA
91345,CA
91398,CA
91392,CA
91399,CA
91363,CA
91394,CA
91390,CA
91333,CA
91326,CA
91339,CA
91351,CA
91306,CA
91370,CA
91309,CA
91387,CA
91330,CA
91349,CA
91352,CA
91369,CA
91374,CA
91364,CA
91320,CA
91340,CA
91317,CA
91361,CA
91310,CA
91368,CA
91311,CA
91314,CA
91303,CA
91362,CA
91377,CA
91386,CA
91373,CA
91316,CA
91347,CA
91348,CA
91343,CA
91301,CA
91381,CA
91319,CA
91371,CA
91397,CA
91350,CA
91383,CA
91312,CA
91318,CA
91302,CA
91353,CA
91372,CA
91366,CA
91395,CA
91375,CA
91337,CA
91324,CA
91357,CA
91384,CA
91305,CA
91336,CA
91388,CA
91365,CA
91376,CA
91380,CA
91393,CA
91354,CA
91338,CA
91356,CA
91341,CA
91359,CA
91396,CA
91322,CA
91382,CA
91346,CA
91335,CA
91327,CA
91344,CA
91355,CA
91323,CA
91391,CA
91325,CA
91331,CA
91465,CA
91493,CA
91432,CA
91420,CA
91452,CA
91469,CA
91497,CA
91445,CA
91436,CA
91476,CA
91439,CA
91449,CA
91406,CA
91461,CA
91482,CA
91486,CA
91495,CA
91496,CA
91462,CA
91470,CA
91423,CA
91472,CA
91485,CA
91490,CA
91403,CA
91434,CA
91422,CA
91429,CA
91414,CA
91435,CA
91473,CA
91409,CA
91411,CA
91446,CA
91459,CA
91428,CA
91466,CA
91421,CA
91404,CA
91444,CA
91464,CA
91405,CA
91450,CA
91460,CA
91454,CA
91453,CA
91427,CA
91463,CA
91488,CA
91412,CA
91419,CA
91491,CA
91477,CA
91456,CA
91489,CA
91448,CA
91417,CA
91443,CA
91418,CA
91407,CA
91402,CA
91416,CA
91451,CA
91481,CA
91433,CA
91413,CA
91426,CA
91437,CA
91468,CA
91438,CA
91430,CA
91440,CA
91425,CA
91431,CA
91492,CA
91479,CA
91478,CA
91401,CA
91498,CA
91484,CA
91494,CA
91400,CA
91475,CA
91483,CA
91480,CA
91471,CA
91457,CA
91455,CA
91474,CA
60647,IL
60610,IL
60673,IL
60652,IL
60606,IL
60659,IL
60651,IL
60640,IL
60643,IL
60604,IL
60633,IL
60650,IL
60680,IL
60660,IL
60677,IL
60698,IL
60619,IL
60646,IL
60613,IL
60654,IL
60624,IL
60637,IL
60692,IL
60635,IL
60611,IL
60667,IL
60603,IL
60639,IL
60691,IL
60670,IL
60684,IL
60668,IL
60676,IL
60608,IL
60679,IL
60664,IL
60632,IL
60629,IL
60625,IL
60689,IL
60696,IL
60687,IL
60657,IL
60634,IL
60690,IL
60685,IL
60609,IL
60649,IL
60678,IL
60620,IL
60626,IL
60683,IL
60653,IL
60693,IL
60630,IL
60607,IL
60638,IL
60644,IL
60699,IL
60642,IL
60661,IL
60669,IL
60623,IL
60621,IL
60686,IL
60627,IL
60636,IL
60697,IL
60674,IL
60617,IL
60695,IL
60618,IL
60631,IL
60688,IL
60656,IL
60655,IL
60615,IL
60622,IL
60675,IL
60641,IL
60645,IL
60671,IL
60665,IL
60666,IL
60602,IL
60682,IL
60662,IL
60600,IL
60616,IL
60753,IL
60761,IL
60723,IL
60785,IL
60735,IL
60702,IL
60773,IL
60793,IL
60729,IL
60740,IL
60777,IL
60728,IL
60721,IL
60780,IL
60730,IL
60736,IL
60765,IL
60701,IL
60781,IL
60779,IL
60769,IL
60762,IL
60771,IL
60768,IL
60709,IL
60789,IL
60741,IL
60790,IL
60752,IL
60732,IL
60750,IL
60783,IL
60718,IL
60767,IL
60739,IL
60796,IL
60700,IL
60707,IL
60705,IL
60778,IL
60748,IL
60746,IL
60788,IL
60751,IL
60712,IL
60710,IL
60743,IL
60725,IL
60754,IL
60703,IL
60756,IL
60763,IL
60797,IL
60757,IL
60799,IL
60727,IL
60715,IL
60716,IL
60734,IL
60704,IL
60794,IL
60731,IL
60747,IL
60714,IL
60749,IL
60720,IL
60742,IL
60711,IL
60733,IL
60795,IL
60774,IL
60764,IL
60791,IL
60758,IL
60784,IL
60738,IL
60717,IL
60775,IL
60744,IL
60760,IL
60782,IL
60706,IL
60772,IL
60708,IL
60755,IL
60776,IL
60792,IL
60724,IL
60786,IL
60825,IL
60832,IL
60807,IL
60897,IL
60862,IL
60800,IL
60883,IL
60847,IL
60898,IL
60870,IL
60820,IL
60887,IL
60804,IL
60899,IL
60858,IL
60848,IL
60850,IL
60824,IL
60822,IL
60844,IL
60881,IL
60821,IL
60879,IL
60859,IL
60878,IL
60813,IL
60828,IL
60801,IL
60812,IL
60834,IL
60885,IL
60809,IL
60816,IL
60810,IL
60815,IL
60877,IL
60831,IL
60876,IL
60880,IL
60852,IL
60893,IL
60856,IL
60895,IL
60857,IL
60873,IL
60854,IL
60843,IL
60866,IL
60840,IL
60894,IL
60808,IL
60837,IL
60826,IL
60896,IL
60817,IL
60830,IL
60886,IL
60863,IL
60884,IL
60855,IL
60845,IL
60860,IL
60842,IL
60814,IL
60871,IL
60868,IL
60811,IL
60892,IL
60823,IL
60890,IL
60839,IL
60805,IL
60806,IL
60865,IL
60836,IL
60851,IL
60882,IL
60841,IL
60829,IL
60827,IL
60833,IL
60803,IL
60874,IL
60891,IL
60802,IL
60889,IL
60818,IL
60864,IL
60853,IL
77092,TX
77042,TX
77096,TX
77095,TX
77058,TX
77013,TX
77008,TX
77020,TX
77049,TX
77002,TX
77052,TX
77040,TX
77023,TX
77041,TX
77050,TX
77044,TX
77093,TX
77007,TX
77035,TX
77014,TX
77009,TX
77072,TX
77010,TX
77075,TX
77032,TX
77000,TX
77086,TX
77017,TX
77034,TX
77051,TX
77039,TX
77047,TX
77089,TX
77085,TX
77024,TX
77011,TX
77087,TX
77003,TX
77025,TX
77079,TX
77088,TX
77026,TX
77099,TX
77080,TX
77029,TX
77068,TX
77033,TX
77090,TX
77048,TX
77055,TX
77006,TX
77053,TX
77019,TX
77028,TX
77097,TX
77004,TX
77030,TX
77001,TX
77064,TX
77027,TX
77066,TX
77074,TX
77078,TX
77057,TX
77094,TX
77037,TX
77038,TX
77015,TX
77081,TX
77069,TX
77062,TX
77022,TX
77046,TX
77016,TX
77005,TX
77021,TX
77054,TX
77031,TX
77070,TX
77012,TX
77067,TX
77071,TX
77059,TX
77073,TX
77076,TX
77098,TX
77063,TX
77043,TX
77045,TX
77343,TX
77379,TX
77329,TX
77398,TX
77372,TX
77366,TX
77317,TX
77348,TX
77367,TX
77328,TX
77315,TX
77332,TX
77387,TX
77345,TX
77391,TX
77371,TX
77331,TX
77351,TX
77359,TX
77399,TX
77338,TX
77350,TX
77383,TX
77310,TX
77325,TX
77339,TX
77396,TX
77336,TX
77305,TX
77368,TX
77313,TX
77369,TX
77301,TX
77388,TX
77360,TX
77377,TX
77390,TX
77373,TX
77384,TX
77382,TX
77364,TX
77393,TX
77318,TX
77389,TX
77341,TX
77349,TX
77342,TX
77323,TX
77307,TX
77386,TX
77324,TX
77308,TX
77316,TX
77375,TX
77300,TX
77335,TX
77311,TX
77312,TX
77392,TX
77374,TX
77320,TX
77302,TX
77321,TX
77376,TX
77397,TX
77356,TX
77330,TX
77340,TX
77378,TX
77362,TX
77385,TX
77337,TX
77355,TX
77344,TX
77322,TX
77306,TX
77361,TX
77304,TX
77346,TX
77358,TX
77333,TX
77394,TX
77363,TX
77357,TX
77314,TX
77327,TX
77309,TX
77370,TX
77380,TX
77444,TX
77460,TX
77417,TX
77408,TX
77426,TX
77456,TX
77474,TX
77421,TX
77484,TX
77430,TX
77455,TX
77489,TX
77454,TX
77437,TX
77475,TX
77414,TX
77492,TX
77412,TX
77403,TX
77471,TX
77490,TX
77476,TX
77497,TX
77409,TX
77464,TX
77470,TX
77439,TX
77433,TX
77410,TX
77405,TX
77496,TX
77436,TX
77468,TX
77434,TX
77462,TX
77493,TX
77443,TX
77479,TX
77420,TX
77407,TX
77466,TX
77442,TX
77435,TX
77469,TX
77457,TX
77487,TX
77418,TX
77429,TX
77463,TX
77440,TX
77449,TX
77401,TX
77495,TX
77482,TX
77451,TX
77424,TX
77404,TX
77453,TX
77488,TX
77447,TX
77423,TX
77448,TX
77491,TX
77415,TX
77472,TX
77425,TX
77427,TX
77465,TX
77413,TX
77419,TX
77406,TX
77498,TX
77438,TX
77445,TX
77400,TX
77422,TX
77402,TX
77499,TX
77411,TX
77477,TX
77431,TX
77486,TX
77480,TX
77473,TX
77461,TX
77458,TX
77485,TX
77478,TX
77452,TX
75251,TX
75297,TX
75242,TX
75203,TX
75262,TX
75247,TX
75233,TX
75237,TX
75248,TX
75259,TX
75298,TX
75290,TX
75277,TX
75287,TX
75234,TX
75236,TX
75244,TX
75265,TX
75222,TX
75288,TX
75291,TX
75261,TX
75209,TX
75268,TX
75223,TX
75260,TX
75200,TX
75250,TX
75217,TX
75299,TX
75225,TX
75243,TX
75252,TX
75256,TX
75211,TX
75231,TX
75216,TX
75207,TX
75283,TX
75221,TX
75286,TX
75204,TX
75208,TX
75229,TX
75230,TX
75232,TX
75253,TX
75276,TX
75257,TX
75240,TX
75220,TX
75275,TX
75215,TX
75294,TX
75293,TX
75212,TX
75239,TX
75292,TX
75227,TX
75235,TX
75284,TX
75272,TX
75281,TX
75279,TX
75258,TX
75210,TX
75226,TX
75296,TX
75269,TX
75271,TX
75264,TX
75267,TX
75241,TX
75263,TX
75245,TX
75295,TX
75289,TX
75249,TX
75266,TX
75278,TX
75218,TX
75274,TX
75213,TX
75201,TX
75214,TX
75254,TX
75255,TX
75246,TX
75280,TX
75064,TX
75088,TX
75013,TX
75063,TX
75095,TX
75068,TX
75051,TX
75040,TX
75067,TX
75038,TX
75003,TX
75020,TX
75045,TX
75001,TX
75082,TX
75092,TX
75079,TX
75093,TX
75046,TX
75005,TX
75009,TX
75076,TX
75094,TX
75006,TX
75055,TX
75071,TX
75096,TX
75007,TX
75089,TX
75080,TX
75054,TX
75018,TX
75065,TX
75066,TX
75070,TX
75073,TX
75072,TX
75034,TX
75047,TX
75075,TX
75083,TX
75062,TX
75011,TX
75000,TX
75023,TX
75017,TX
75049,TX
75014,TX
75028,TX
75026,TX
75060,TX
75058,TX
75015,TX
75027,TX
75039,TX
75024,TX
75099,TX
75084,TX
75098,TX
75021,TX
75048,TX
75097,TX
75077,TX
75008,TX
75043,TX
75002,TX
75044,TX
75059,TX
75069,TX
75052,TX
75074,TX
75050,TX
75035,TX
75090,TX
75086,TX
75029,TX
75036,TX
75061,TX
75057,TX
75081,TX
75042,TX
75041,TX
75087,TX
75016,TX
75037,TX
75012,TX
75091,TX
75085,TX
75031,TX
76143,TX
76196,TX
76130,TX
76135,TX
76119,TX
76169,TX
76192,TX
76159,TX
76117,TX
76133,TX
76197,TX
76125,TX
76185,TX
76101,TX
76167,TX
76177,TX
76131,TX
76186,TX
76161,TX
76191,TX
76109,TX
76152,TX
76107,TX
76188,TX
76148,TX
76104,TX
76151,TX
76132,TX
76110,TX
76113,TX
76115,TX
76127,TX
76158,TX
76172,TX
76128,TX
76126,TX
76121,TX
76181,TX
76184,TX
76111,TX
76166,TX
76157,TX
76139,TX
76144,TX
76190,TX
76129,TX
76165,TX
76199,TX
76122,TX
76102,TX
76173,TX
76182,TX
76162,TX
76153,TX
76112,TX
76193,TX
76176,TX
76163,TX
76138,TX
76156,TX
76187,TX
76105,TX
76174,TX
76137,TX
76194,TX
76155,TX
76168,TX
76180,TX
76108,TX
76136,TX
76140,TX
76179,TX
76123,TX
76183,TX
76106,TX
76145,TX
76150,TX
76146,TX
76198,TX
76114,TX
76118,TX
76134,TX
76189,TX
76124,TX
76149,TX
76120,TX
76178,TX
76100,TX
76171,TX
76272,TX
76269,TX
76228,TX
76224,TX
76294,TX
76279,TX
76246,TX
76281,TX
76283,TX
76255,TX
76262,TX
76202,TX
76242,TX
76257,TX
76244,TX
76251,TX
76249,TX
76203,TX
76268,TX
76220,TX
76213,TX
76232,TX
76277,TX
76247,TX
76215,TX
76296,TX
76286,TX
76298,TX
76206,TX
76288,TX
76273,TX
76266,TX
76200,TX
76276,TX
76287,TX
76223,TX
76211,TX
76270,TX
76208,TX
76263,TX
76253,TX
76243,TX
76280,TX
76260,TX
76234,TX
76216,TX
76237,TX
76252,TX
76293,TX
76217,TX
76222,TX
76214,TX
76205,TX
76258,TX
76238,TX
76212,TX
76229,TX
76299,TX
76282,TX
76275,TX
76210,TX
76285,TX
76230,TX
76278,TX
76271,TX
76235,TX
76295,TX
76248,TX
76236,TX
76201,TX
76225,TX
76291,TX
76261,TX
76226,TX
76219,TX
76239,TX
76265,TX
76259,TX
76254,TX
76289,TX
76264,TX
76256,TX
76267,TX
76221,TX
76290,TX
76231,TX
76284,TX
76274,TX
76204,TX
78277,TX
78256,TX
78247,TX
78248,TX
78298,TX
78226,TX
78274,TX
78203,TX
78260,TX
78216,TX
78242,TX
78244,TX
78215,TX
78210,TX
78245,TX
78235,TX
78246,TX
78270,TX
78213,TX
78254,TX
78262,TX
78205,TX
78279,TX
78275,TX
78227,TX
78285,TX
78223,TX
78243,TX
78232,TX
78222,TX
78294,TX
78236,TX
78296,TX
78264,TX
78295,TX
78234,TX
78284,TX
78272,TX
78289,TX
78211,TX
78221,TX
78249,TX
78267,TX
78214,TX
78231,TX
78269,TX
78297,TX
78288,TX
78266,TX
78228,TX
78240,TX
78271,TX
78252,TX
78263,TX
78290,TX
78258,TX
78278,TX
78241,TX
78206,TX
78299,TX
78286,TX
78208,TX
78219,TX
78251,TX
78291,TX
78212,TX
78268,TX
78218,TX
78209,TX
78201,TX
78238,TX
78281,TX
78217,TX
78280,TX
78239,TX
78253,TX
78259,TX
78282,TX
78220,TX
78265,TX
78200,TX
78207,TX
78292,TX
78250,TX
78255,TX
78229,TX
78273,TX
78276,TX
78293,TX
78109,TX
78177,TX
78146,TX
78131,TX
78198,TX
78125,TX
78160,TX
78130,TX
78188,TX
78114,TX
78169,TX
78165,TX
78197,TX
78113,TX
78187,TX
78112,TX
78127,TX
78192,TX
78189,TX
78128,TX
78167,TX
78105,TX
78148,TX
78116,TX
78138,TX
78163,TX
78184,TX
78149,TX
78166,TX
78120,TX
78111,TX
78135,TX
78103,TX
78147,TX
78153,TX
78179,TX
78181,TX
78159,TX
78162,TX
78194,TX
78186,TX
78183,TX
78185,TX
78106,TX
78175,TX
78172,TX
78144,TX
78155,TX
78182,TX
78174,TX
78140,TX
78157,TX
78107,TX
78118,TX
78156,TX
78193,TX
78168,TX
78180,TX
78199,TX
78161,TX
78170,TX
78173,TX
78190,TX
78123,TX
78100,TX
78142,TX
78191,TX
78178,TX
78122,TX
78150,TX
78195,TX
78139,TX
78158,TX
78136,TX
78121,TX
78117,TX
78129,TX
78102,TX
78152,TX
78115,TX
78171,TX
78134,TX
78145,TX
78126,TX
78176,TX
78104,TX
78101,TX
78132,TX
78119,TX
78090,TX
78091,TX
78094,TX
78085,TX
78063,TX
78037,TX
78061,TX
78083,TX
78092,TX
78025,TX
78006,TX
78074,TX
78023,TX
78028,TX
78035,TX
78098,TX
78015,TX
78018,TX
78012,TX
78001,TX
78043,TX
78075,TX
78087,TX
78057,TX
78059,TX
78045,TX
78029,TX
78031,TX
78048,TX
78096,TX
78079,TX
78089,TX
78095,TX
78052,TX
78064,TX
78011,TX
78056,TX
78022,TX
78080,TX
78062,TX
78040,TX
78030,TX
78053,TX
78032,TX
78086,TX
78065,TX
78066,TX
78060,TX
78088,TX
78093,TX
78007,TX
78017,TX
78008,TX
78078,TX
78003,TX
78050,TX
78034,TX
78077,TX
78000,TX
78069,TX
78042,TX
78020,TX
78039,TX
78046,TX
78047,TX
78004,TX
78041,TX
78010,TX
78081,TX
78099,TX
78002,TX
78073,TX
78044,TX
78021,TX
78019,TX
78016,TX
78026,TX
78070,TX
78071,TX
78051,TX
78049,TX
78033,TX
78058,TX
78068,TX
78082,TX
78072,TX
78005,TX
78054,TX
78067,TX
78792,TX
78744,TX
78780,TX
78796,TX
78707,TX
78715,TX
78767,TX
78789,TX
78720,TX
78760,TX
78740,TX
78737,TX
78766,TX
78773,TX
78726,TX
78750,TX
78713,TX
78732,TX
78721,TX
78758,TX
78759,TX
78783,TX
78717,TX
78741,TX
78787,TX
78735,TX
78782,TX
78763,TX
78705,TX
78704,TX
78722,TX
78706,TX
78797,TX
78711,TX
78729,TX
78738,TX
78769,TX
78731,TX
78752,TX
78730,TX
78765,TX
78779,TX
78743,TX
78775,TX
78756,TX
78799,TX
78784,TX
78772,TX
78710,TX
78727,TX
78790,TX
78786,TX
78742,TX
78793,TX
78749,TX
78771,TX
78733,TX
78745,TX
78788,TX
78761,TX
78747,TX
78708,TX
78757,TX
78739,TX
78781,TX
78724,TX
78718,TX
78746,TX
78764,TX
78702,TX
78768,TX
78774,TX
78776,TX
78714,TX
78795,TX
78754,TX
78751,TX
78701,TX
78755,TX
78748,TX
78798,TX
78778,TX
78762,TX
78728,TX
78785,TX
78794,TX
78716,TX
78719,TX
78770,TX
78693,TX
78675,TX
78656,TX
78620,TX
78666,TX
78600,TX
78648,TX
78629,TX
78644,TX
78636,TX
78695,TX
78658,TX
78604,TX
78667,TX
78665,TX
78674,TX
78614,TX
78684,TX
78639,TX
78661,TX
78637,TX
78631,TX
78691,TX
78601,TX
78696,TX
78632,TX
78670,TX
78678,TX
78647,TX
78660,TX
78608,TX
78611,TX
78690,TX
78613,TX
78681,TX
78676,TX
78699,TX
78673,TX
78617,TX
78662,TX
78643,TX
78625,TX
78616,TX
78645,TX
78612,TX
78689,TX
78698,TX
78623,TX
78683,TX
78609,TX
78635,TX
78680,TX
78610,TX
78664,TX
78686,TX
78692,TX
78633,TX
78622,TX
78649,TX
78602,TX
78646,TX
78628,TX
78697,TX
78606,TX
78682,TX
78621,TX
78685,TX
78672,TX
78677,TX
78688,TX
78618,TX
78624,TX
78655,TX
78653,TX
78630,TX
78687,TX
78634,TX
78650,TX
78694,TX
78663,TX
78671,TX
78641,TX
78627,TX
78651,TX
78626,TX
78642,TX
78668,TX
78605,TX
78603,TX
78515,TX
78505,TX
78507,TX
78535,TX
78577,TX
78567,TX
78541,TX
78540,TX
78514,TX
78570,TX
78504,TX
78516,TX
78565,TX
78564,TX
78562,TX
78524,TX
78563,TX
78557,TX
78596,TX
78579,TX
78544,TX
78501,TX
78531,TX
78561,TX
78586,TX
78582,TX
78598,TX
78517,TX
78538,TX
78513,TX
78588,TX
78587,TX
78574,TX
78551,TX
78590,TX
78529,TX
78576,TX
78585,TX
78572,TX
78566,TX
78594,TX
78546,TX
78568,TX
78510,TX
78532,TX
78591,TX
78552,TX
78543,TX
78578,TX
78523,TX
78560,TX
78519,TX
78553,TX
78506,TX
78597,TX
78593,TX
78575,TX
78536,TX
78550,TX
78518,TX
78548,TX
78573,TX
78549,TX
78571,TX
78512,TX
78581,TX
78599,TX
78569,TX
78589,TX
78537,TX
78528,TX
78595,TX
78583,TX
78556,TX
78555,TX
78525,TX
78558,TX
78542,TX
78509,TX
78521,TX
78545,TX
78527,TX
78534,TX
78502,TX
78508,TX
78533,TX
78530,TX
78526,TX
78547,TX
33176,FL
33109,FL
33199,FL
33115,FL
33173,FL
33143,FL
33144,FL
33152,FL
33105,FL
33178,FL
33163,FL
33190,FL
33128,FL
33164,FL
33155,FL
33193,FL
33131,FL
33126,FL
33146,FL
33161,FL
33124,FL
33180,FL
33141,FL
33177,FL
33169,FL
33179,FL
33186,FL
33130,FL
33183,FL
33119,FL
33168,FL
33139,FL
33175,FL
33102,FL
33106,FL
33191,FL
33195,FL
33133,FL
33160,FL
33123,FL
33154,FL
33165,FL
33156,FL
33101,FL
33108,FL
33149,FL
33110,FL
33116,FL
33166,FL
33157,FL
33137,FL
33125,FL
33192,FL
33162,FL
33136,FL
33114,FL
33103,FL
33151,FL
33182,FL
33194,FL
33121,FL
33138,FL
33122,FL
33171,FL
33188,FL
33132,FL
33167,FL
33170,FL
33198,FL
33117,FL
33113,FL
33142,FL
33159,FL
33197,FL
33140,FL
33100,FL
33104,FL
33135,FL
33184,FL
33145,FL
33129,FL
33153,FL
33118,FL
33148,FL
33147,FL
33112,FL
33181,FL
33134,FL
33189,FL
33003,FL
33006,FL
33062,FL
33064,FL
33049,FL
33083,FL
33021,FL
33015,FL
33075,FL
33071,FL
33093,FL
33039,FL
33056,FL
33004,FL
33081,FL
33008,FL
33010,FL
33070,FL
33027,FL
33000,FL
33092,FL
33033,FL
33063,FL
33053,FL
33020,FL
33013,FL
33054,FL
33073,FL
33094,FL
33068,FL
33014,FL
33019,FL
33002,FL
33022,FL
33055,FL
33034,FL
33098,FL
33048,FL
33018,FL
33079,FL
33086,FL
33035,FL
33080,FL
33011,FL
33047,FL
33069,FL
33026,FL
33031,FL
33058,FL
33090,FL
33052,FL
33042,FL
33029,FL
33095,FL
33060,FL
33040,FL
33001,FL
33005,FL
33087,FL
33016,FL
33082,FL
33030,FL
33012,FL
33024,FL
33025,FL
33046,FL
33061,FL
33067,FL
33038,FL
33097,FL
33074,FL
33089,FL
33085,FL
33057,FL
33099,FL
33065,FL
33078,FL
33091,FL
33084,FL
33017,FL
33032,FL
33044,FL
33007,FL
33037,FL
33023,FL
33077,FL
33088,FL
33036,FL
33041,FL
33371,FL
33340,FL
33363,FL
33357,FL
33354,FL
33372,FL
33304,FL
33321,FL
33329,FL
33326,FL
33338,FL
33379,FL
33350,FL
33301,FL
33343,FL
33389,FL
33364,FL
33399,FL
33324,FL
33310,FL
33307,FL
33388,FL
33322,FL
33387,FL
33327,FL
33397,FL
33383,FL
33302,FL
33380,FL
33370,FL
33386,FL
33315,FL
33395,FL
33373,FL
33339,FL
33365,FL
33335,FL
33396,FL
33347,FL
33353,FL
33394,FL
33320,FL
33393,FL
33358,FL
33314,FL
33306,FL
33349,FL
33342,FL
33308,FL
33348,FL
33391,FL
33346,FL
33392,FL
33323,FL
33376,FL
33309,FL
33300,FL
33319,FL
33341,FL
33368,FL
33381,FL
33334,FL
33382,FL
33311,FL
33332,FL
33375,FL
33362,FL
33318,FL
33333,FL
33398,FL
33313,FL
33390,FL
33312,FL
33337,FL
33367,FL
33344,FL
33303,FL
33325,FL
33369,FL
33378,FL
33385,FL
33384,FL
33345,FL
33316,FL
33305,FL
33356,FL
33374,FL
33355,FL
33360,FL
94152,CA
94170,CA
94181,CA
94104,CA
94139,CA
94197,CA
94166,CA
94160,CA
94184,CA
94179,CA
94167,CA
94198,CA
94140,CA
94114,CA
94134,CA
94125,CA
94177,CA
94133,CA
94138,CA
94164,CA
94131,CA
94112,CA
94136,CA
94188,CA
94137,CA
94150,CA
94168,CA
94117,CA
94148,CA
94157,CA
94193,CA
94108,CA
94153,CA
94191,CA
94132,CA
94169,CA
94192,CA
94158,CA
94161,CA
94178,CA
94102,CA
94146,CA
94109,CA
94187,CA
94127,CA
94147,CA
94141,CA
94185,CA
94175,CA
94119,CA
94128,CA
94176,CA
94118,CA
94149,CA
94163,CA
94182,CA
94196,CA
94183,CA
94194,CA
94165,CA
94110,CA
94101,CA
94123,CA
94115,CA
94120,CA
94111,CA
94126,CA
94174,CA
94122,CA
94172,CA
94145,CA
94106,CA
94124,CA
94143,CA
94199,CA
94107,CA
94171,CA
94155,CA
94189,CA
94113,CA
94156,CA
94190,CA
94151,CA
94103,CA
94173,CA
94195,CA
94135,CA
94105,CA
94159,CA
94083,CA
94039,CA
94021,CA
94033,CA
94047,CA
94077,CA
94017,CA
94032,CA
94027,CA
94053,CA
94019,CA
94001,CA
94042,CA
94087,CA
94023,CA
94078,CA
94046,CA
94029,CA
94018,CA
94045,CA
94022,CA
94069,CA
94049,CA
94000,CA
94064,CA
94008,CA
94097,CA
94094,CA
94020,CA
94054,CA
94065,CA
94043,CA
94085,CA
94074,CA
94005,CA
94055,CA
94052,CA
94037,CA
94071,CA
94080,CA
94004,CA
94090,CA
94007,CA
94067,CA
94059,CA
94088,CA
94075,CA
94096,CA
94072,CA
94016,CA
94038,CA
94098,CA
94058,CA
94081,CA
94068,CA
94084,CA
94011,CA
94025,CA
94034,CA
94024,CA
94082,CA
94070,CA
94028,CA
94050,CA
94099,CA
94014,CA
94048,CA
94015,CA
94060,CA
94062,CA
94030,CA
94035,CA
94006,CA
94002,CA
94095,CA
94092,CA
94079,CA
94040,CA
94044,CA
94066,CA
94056,CA
94061,CA
94010,CA
94076,CA
94091,CA
94026,CA
94089,CA
94009,CA
94093,CA
94583,CA
94536,CA
94591,CA
94572,CA
94521,CA
94565,CA
94541,CA
94598,CA
94597,CA
94540,CA
94552,CA
94507,CA
94586,CA
94512,CA
94593,CA
94592,CA
94550,CA
94516,CA
94595,CA
94515,CA
94504,CA
94523,CA
94571,CA
94570,CA
94537,CA
94564,CA
94582,CA
94532,CA
94568,CA
94525,CA
94575,CA
94594,CA
94578,CA
94559,CA
94560,CA
94526,CA
94508,CA
94579,CA
94549,CA
94581,CA
94596,CA
94520,CA
94517,CA
94539,CA
94584,CA
94546,CA
94500,CA
94547,CA
94567,CA
94530,CA
94505,CA
94542,CA
94529,CA
94553,CA
94599,CA
94509,CA
94577,CA
94524,CA
94573,CA
94543,CA
94556,CA
94533,CA
94501,CA
94502,CA
94554,CA
94551,CA
94555,CA
94527,CA
94548,CA
94557,CA
94585,CA
94531,CA
94538,CA
94528,CA
94506,CA
94563,CA
94587,CA
94558,CA
94569,CA
94545,CA
94513,CA
94589,CA
94511,CA
94590,CA
94534,CA
94522,CA
94574,CA
94561,CA
94566,CA
94759,CA
94728,CA
94778,CA
94704,CA
94775,CA
94734,CA
94708,CA
94749,CA
94795,CA
94745,CA
94797,CA
94727,CA
94712,CA
94746,CA
94780,CA
94772,CA
94752,CA
94705,CA
94710,CA
94757,CA
94723,CA
94779,CA
94784,CA
94732,CA
94758,CA
94703,CA
94756,CA
94764,CA
94763,CA
94771,CA
94760,CA
94701,CA
94789,CA
94768,CA
94766,CA
94714,CA
94724,CA
94751,CA
94716,CA
94796,CA
94750,CA
94765,CA
94733,CA
94782,CA
94754,CA
94717,CA
94787,CA
94762,CA
94737,CA
94711,CA
94713,CA
94791,CA
94700,CA
94781,CA
94702,CA
94738,CA
94767,CA
94709,CA
94798,CA
94720,CA
94773,CA
94748,CA
94719,CA
94729,CA
94786,CA
94730,CA
94743,CA
94788,CA
94776,CA
94731,CA
94799,CA
94794,CA
94707,CA
94736,CA
94735,CA
94739,CA
94793,CA
94706,CA
94783,CA
94753,CA
94742,CA
94755,CA
94726,CA
94718,CA
94715,CA
94790,CA
94792,CA
94769,CA
94741,CA
94808,CA
94822,CA
94829,CA
94880,CA
94875,CA
94810,CA
94887,CA
94840,CA
94863,CA
94825,CA
94842,CA
94838,CA
94864,CA
94811,CA
94849,CA
94814,CA
94834,CA
94837,CA
94872,CA
94879,CA
94854,CA
94833,CA
94836,CA
94819,CA
94809,CA
94881,CA
94884,CA
94821,CA
94896,CA
94885,CA
94803,CA
94832,CA
94841,CA
94846,CA
94899,CA
94871,CA
94845,CA
94848,CA
94847,CA
94851,CA
94889,CA
94800,CA
94893,CA
94878,CA
94839,CA
94897,CA
94876,CA
94873,CA
94852,CA
94816,CA
94882,CA
94826,CA
94843,CA
94817,CA
94818,CA
94867,CA
94805,CA
94888,CA
94883,CA
94835,CA
94824,CA
94802,CA
94890,CA
94858,CA
94828,CA
94874,CA
94850,CA
94856,CA
94823,CA
94866,CA
94827,CA
94831,CA
94807,CA
94855,CA
94892,CA
94886,CA
94870,CA
94820,CA
94813,CA
94894,CA
94806,CA
94815,CA
94865,CA
94869,CA
94891,CA
94844,CA
94860,CA
94898,CA
94804,CA
95026,CA
95096,CA
95063,CA
95044,CA
95087,CA
95043,CA
95086,CA
95055,CA
95046,CA
95017,CA
95065,CA
95058,CA
95040,CA
95029,CA
95009,CA
95030,CA
95003,CA
95049,CA
95052,CA
95072,CA
95015,CA
95016,CA
95061,CA
95014,CA
95083,CA
95013,CA
95080,CA
95059,CA
95090,CA
95068,CA
95053,CA
95019,CA
95093,CA
95012,CA
95007,CA
95034,CA
95077,CA
95095,CA
95064,CA
95099,CA
95032,CA
95038,CA
95027,CA
95025,CA
95078,CA
95008,CA
95036,CA
95022,CA
95024,CA
95056,CA
95047,CA
95075,CA
95018,CA
95098,CA
95011,CA
95004,CA
95051,CA
95060,CA
95062,CA
95067,CA
95097,CA
95069,CA
95021,CA
95092,CA
95085,CA
95079,CA
95081,CA
95028,CA
95066,CA
95001,CA
95076,CA
95037,CA
95002,CA
95082,CA
95084,CA
95088,CA
95042,CA
95010,CA
95054,CA
95039,CA
95073,CA
95020,CA
95071,CA
95057,CA
95048,CA
95074,CA
95035,CA
95006,CA
95023,CA
95842,CA
95896,CA
95867,CA
95806,CA
95883,CA
95877,CA
95808,CA
95833,CA
95805,CA
95892,CA
95894,CA
95864,CA
95820,CA
95880,CA
95855,CA
95809,CA
95838,CA
95874,CA
95848,CA
95807,CA
95803,CA
95886,CA
95815,CA
95829,CA
95873,CA
95863,CA
95846,CA
95881,CA
95885,CA
95875,CA
95817,CA
95804,CA
95837,CA
95821,CA
95844,CA
95843,CA
95852,CA
95826,CA
95868,CA
95869,CA
95831,CA
95825,CA
95800,CA
95835,CA
95856,CA
95832,CA
95890,CA
95812,CA
95810,CA
95870,CA
95851,CA
95828,CA
95845,CA
95861,CA
95853,CA
95893,CA
95862,CA
95816,CA
95899,CA
95887,CA
95813,CA
95871,CA
95839,CA
95818,CA
95859,CA
95898,CA
95857,CA
95823,CA
95850,CA
95866,CA
95824,CA
95884,CA
95879,CA
95872,CA
95811,CA
95889,CA
95802,CA
95860,CA
95888,CA
95827,CA
95819,CA
95847,CA
95858,CA
95895,CA
95882,CA
95822,CA
95801,CA
95891,CA
95830,CA
95647,CA
95683,CA
95609,CA
95632,CA
95604,CA
95681,CA
95646,CA
95660,CA
95684,CA
95648,CA
95698,CA
95659,CA
95677,CA
95625,CA
95696,CA
95619,CA
95602,CA
95610,CA
95673,CA
95678,CA
95618,CA
95645,CA
95668,CA
95643,CA
95676,CA
95665,CA
95656,CA
95641,CA
95689,CA
95608,CA
95655,CA
95650,CA
95623,CA
95657,CA
95669,CA
95638,CA
95640,CA
95652,CA
95624,CA
95651,CA
95617,CA
95633,CA
95666,CA
95680,CA
95605,CA
95697,CA
95694,CA
95634,CA
95695,CA
95654,CA
95635,CA
95629,CA
95686,CA
95614,CA
95667,CA
95662,CA
95679,CA
95649,CA
95631,CA
95630,CA
95639,CA
95670,CA
95613,CA
95688,CA
95682,CA
95607,CA
95622,CA
95687,CA
95663,CA
95675,CA
95601,CA
95642,CA
95620,CA
95615,CA
95616,CA
95637,CA
95644,CA
95621,CA
95628,CA
95603,CA
95612,CA
95606,CA
95671,CA
95661,CA
95626,CA
95691,CA
95672,CA
95699,CA
95692,CA
95783,CA
95701,CA
95751,CA
95703,CA
95735,CA
95756,CA
95743,CA
95700,CA
95733,CA
95736,CA
95749,CA
95771,CA
95793,CA
95796,CA
95728,CA
95709,CA
95754,CA
95781,CA
95792,CA
95780,CA
95741,CA
95746,CA
95768,CA
95720,CA
95723,CA
95790,CA
95729,CA
95738,CA
95776,CA
95742,CA
95734,CA
95731,CA
95748,CA
95795,CA
95759,CA
95774,CA
95711,CA
95784,CA
95732,CA
95744,CA
95772,CA
95788,CA
95797,CA
95777,CA
95716,CA
95764,CA
95753,CA
95730,CA
95773,CA
95715,CA
95740,CA
95752,CA
95704,CA
95794,CA
95713,CA
95706,CA
95779,CA
95721,CA
95766,CA
95710,CA
95757,CA
95769,CA
95778,CA
95724,CA
95717,CA
95722,CA
95725,CA
95714,CA
95702,CA
95761,CA
95770,CA
95726,CA
95763,CA
95727,CA
95718,CA
95799,CA
95750,CA
95758,CA
95775,CA
95765,CA
95707,CA
95785,CA
95782,CA
95762,CA
95705,CA
95791,CA
95760,CA
95708,CA
95712,CA
20023,DC
20059,DC
20009,DC
20024,DC
20040,DC
20011,DC
20084,DC
20021,DC
20013,DC
20001,DC
20047,DC
20052,DC
20017,DC
20031,DC
20020,DC
20075,DC
20086,DC
20072,DC
20016,DC
20054,DC
20095,DC
20049,DC
20056,DC
20026,DC
20082,DC
20034,DC
20037,DC
20067,DC
20032,DC
20048,DC
20042,DC
20046,DC
20015,DC
20045,DC
20019,DC
20069,DC
20041,DC
20005,DC
20093,DC
20003,DC
20030,DC
20091,DC
20088,DC
20085,DC
20065,DC
20044,DC
20022,DC
20076,DC
20083,DC
20099,DC
20018,DC
20043,DC
20092,DC
20081,DC
20035,DC
20058,DC
20008,DC
20014,DC
20002,DC
20089,DC
20096,DC
20090,DC
20062,DC
20004,DC
20055,DC
20027,DC
20012,DC
20060,DC
20078,DC
20057,DC
20033,DC
20028,DC
20098,DC
20039,DC
20051,DC
20007,DC
20050,DC
20073,DC
20006,DC
20038,DC
20097,DC
20068,DC
20074,DC
20087,DC
20036,DC
20080,DC
20029,DC
20070,DC
20077,DC
20298,DC
20202,DC
20269,DC
20277,DC
20285,DC
20225,DC
20273,DC
20242,DC
20233,DC
20291,DC
20224,DC
20211,DC
20235,DC
20274,DC
20222,DC
20243,DC
20257,DC
20275,DC
20284,DC
20280,DC
20287,DC
20278,DC
20279,DC
20250,DC
20223,DC
20227,DC
20253,DC
20230,DC
20240,DC
20220,DC
20231,DC
20232,DC
20259,DC
20201,DC
20258,DC
20207,DC
20208,DC
20251,DC
20299,DC
20272,DC
20228,DC
20270,DC
20256,DC
20267,DC
20281,DC
20219,DC
20289,DC
20276,DC
20252,DC
20254,DC
20204,DC
20293,DC
20214,DC
20236,DC
20218,DC
20292,DC
20216,DC
20205,DC
20262,DC
20283,DC
20239,DC
20271,DC
20268,DC
20290,DC
20260,DC
20261,DC
20241,DC
20296,DC
20247,DC
20265,DC
20255,DC
20217,DC
20249,DC
20294,DC
20229,DC
20244,DC
20286,DC
20226,DC
20234,DC
20237,DC
20288,DC
20206,DC
20203,DC
20212,DC
20210,DC
20295,DC
20245,DC
20246,DC
20297,DC
20355,DC
20381,DC
20325,DC
20378,DC
20389,DC
20311,DC
20338,DC
20393,DC
20340,DC
20367,DC
20368,DC
20362,DC
20350,DC
20310,DC
20334,DC
20305,DC
20386,DC
20392,DC
20314,DC
20300,DC
20358,DC
20313,DC
20353,DC
20372,DC
20399,DC
20363,DC
20319,DC
20347,DC
20373,DC
20303,DC
20359,DC
20394,DC
20354,DC
20312,DC
20361,DC
20398,DC
20380,DC
20343,DC
20382,DC
20369,DC
20331,DC
20364,DC
20327,DC
20328,DC
20356,DC
20304,DC
20332,DC
20370,DC
20365,DC
20387,DC
20320,DC
20375,DC
20317,DC
20335,DC
20371,DC
20366,DC
20383,DC
20326,DC
20360,DC
20349,DC
20344,DC
20374,DC
20357,DC
20323,DC
20318,DC
20388,DC
20385,DC
20352,DC
20322,DC
20316,DC
20302,DC
20396,DC
20384,DC
20395,DC
20315,DC
20301,DC
20336,DC
20379,DC
20345,DC
20377,DC
20324,DC
20333,DC
20321,DC
20376,DC
20339,DC
20337,DC
20391,DC
20307,DC
20342,DC
20438,DC
20444,DC
20400,DC
20459,DC
20443,DC
20405,DC
20455,DC
20412,DC
20485,DC
20493,DC
20448,DC
20478,DC
20483,DC
20419,DC
20439,DC
20437,DC
20426,DC
20480,DC
20430,DC
20456,DC
20449,DC
20408,DC
20422,DC
20482,DC
20457,DC
20491,DC
20409,DC
20427,DC
20452,DC
20425,DC
20414,DC
20445,DC
20475,DC
20440,DC
20434,DC
20492,DC
20429,DC
20447,DC
20411,DC
20486,DC
20495,DC
20413,DC
20451,DC
20476,DC
20433,DC
20418,DC
20424,DC
20479,DC
20477,DC
20432,DC
20407,DC
20420,DC
20402,DC
20428,DC
20463,DC
20453,DC
20436,DC
20454,DC
20466,DC
20441,DC
20467,DC
20499,DC
20496,DC
20404,DC
20442,DC
20465,DC
20470,DC
20481,DC
20462,DC
20410,DC
20474,DC
20472,DC
20460,DC
20471,DC
20490,DC
20498,DC
20484,DC
20458,DC
20415,DC
20488,DC
20446,DC
20406,DC
20461,DC
20435,DC
20431,DC
20464,DC
20489,DC
20450,DC
20401,DC
20584,DC
20542,DC
20547,DC
20504,DC
20553,DC
20594,DC
20544,DC
20516,DC
20548,DC
20590,DC
20593,DC
20536,DC
20545,DC
20572,DC
20538,DC
20567,DC
20541,DC
20540,DC
20574,DC
20551,DC
20537,DC
20585,DC
20599,DC
20515,DC
20592,DC
20566,DC
20530,DC
20519,DC
20511,DC
20580,DC
20576,DC
20559,DC
20539,DC
20517,DC
20570,DC
20534,DC
20586,DC
20512,DC
20531,DC
20561,DC
20529,DC
20550,DC
20563,DC
20596,DC
20560,DC
20510,DC
20549,DC
20501,DC
20554,DC
20525,DC
20521,DC
20588,DC
20528,DC
20582,DC
20589,DC
20520,DC
20579,DC
20507,DC
20591,DC
20598,DC
20573,DC
20565,DC
20505,DC
20595,DC
20509,DC
20523,DC
20518,DC
20581,DC
20577,DC
20578,DC
20571,DC
20514,DC
20500,DC
20583,DC
20569,DC
20558,DC
20524,DC
20533,DC
20503,DC
20508,DC
20546,DC
20575,DC
20527,DC
20562,DC
20532,DC
20513,DC
20555,DC
20557,DC
20506,DC
22294,VA
22225,VA
22281,VA
22242,VA
22212,VA
22263,VA
22258,VA
22249,VA
22284,VA
22285,VA
22209,VA
22273,VA
22268,VA
22210,VA
22235,VA
22231,VA
22275,VA
22272,VA
22283,VA
22226,VA
22296,VA
22245,VA
22222,VA
22253,VA
22239,VA
22240,VA
22246,VA
22211,VA
22204,VA
22218,VA
22200,VA
22241,VA
22271,VA
22287,VA
22224,VA
22280,VA
22298,VA
22264,VA
22248,VA
22269,VA
22230,VA
22215,VA
22219,VA
22233,VA
22289,VA
22208,VA
22290,VA
22234,VA
22255,VA
22262,VA
22297,VA
22274,VA
22265,VA
22227,VA
22228,VA
22207,VA
22244,VA
22214,VA
22257,VA
22236,VA
22205,VA
22203,VA
22254,VA
22250,VA
22243,VA
22217,VA
22201,VA
22282,VA
22292,VA
22202,VA
22259,VA
22277,VA
22293,VA
22267,VA
22279,VA
22299,VA
22261,VA
22232,VA
22213,VA
22206,VA
22276,VA
22251,VA
22247,VA
22223,VA
22270,VA
22260,VA
22252,VA
22288,VA
22221,VA
22336,VA
22347,VA
22368,VA
22356,VA
22395,VA
22399,VA
22393,VA
22360,VA
22375,VA
22384,VA
22373,VA
22382,VA
22377,VA
22317,VA
22348,VA
22340,VA
22329,VA
22304,VA
22343,VA
22361,VA
22351,VA
22386,VA
22355,VA
22332,VA
22335,VA
22345,VA
22310,VA
22322,VA
22394,VA
22378,VA
22313,VA
22334,VA
22337,VA
22321,VA
22388,VA
22392,VA
22339,VA
22367,VA
22323,VA
22325,VA
22342,VA
22357,VA
22319,VA
22359,VA
22379,VA
22314,VA
22364,VA
22381,VA
22354,VA
22371,VA
22369,VA
22372,VA
22315,VA
22396,VA
22318,VA
22331,VA
22328,VA
22326,VA
22380,VA
22363,VA
22341,VA
22300,VA
22383,VA
22312,VA
22330,VA
22308,VA
22349,VA
22387,VA
22309,VA
22302,VA
22305,VA
22374,VA
22333,VA
22307,VA
22389,VA
22316,VA
22311,VA
22338,VA
22366,VA
22358,VA
22365,VA
22376,VA
22353,VA
22390,VA
22391,VA
22350,VA
22306,VA
22385,VA
22346,VA
02195,MA
02194,MA
02143,MA
02145,MA
02128,MA
02186,MA
02135,MA
02124,MA
02150,MA
02154,MA
02190,MA
02140,MA
02146,MA
02192,MA
02115,MA
02181,MA
02196,MA
02127,MA
02151,MA
02178,MA
02136,MA
02152,MA
02113,MA
02148,MA
02191,MA
02188,MA
02175,MA
02132,MA
02106,MA
02114,MA
02134,MA
02107,MA
02180,MA
02164,MA
02108,MA
02100,MA
02168,MA
02184,MA
02117,MA
02161,MA
02172,MA
02153,MA
02174,MA
02169,MA
02122,MA
02111,MA
02170,MA
02147,MA
02155,MA
02133,MA
02173,MA
02166,MA
02171,MA
02142,MA
02156,MA
02109,MA
02182,MA
02177,MA
02176,MA
02157,MA
02197,MA
02105,MA
02144,MA
02187,MA
02149,MA
02163,MA
02158,MA
02137,MA
02123,MA
02118,MA
02165,MA
02131,MA
02160,MA
02167,MA
02101,MA
02179,MA
02159,MA
02112,MA
02198,MA
02119,MA
02102,MA
02110,MA
02129,MA
02138,MA
02185,MA
02120,MA
02139,MA
02141,MA
02125,MA
02218,MA
02293,MA
02294,MA
02283,MA
02260,MA
02251,MA
02201,MA
02263,MA
02204,MA
02216,MA
02235,MA
02209,MA
02258,MA
02268,MA
02210,MA
02261,MA
02237,MA
02278,MA
02275,MA
02219,MA
02279,MA
02238,MA
02245,MA
02220,MA
02267,MA
02249,MA
02285,MA
02262,MA
02291,MA
02215,MA
02200,MA
02228,MA
02256,MA
02297,MA
02266,MA
02244,MA
02243,MA
02295,MA
02289,MA
02288,MA
02270,MA
02246,MA
02276,MA
02236,MA
02203,MA
02230,MA
02287,MA
02282,MA
02241,MA
02242,MA
02248,MA
02205,MA
02271,MA
02296,MA
02222,MA
02280,MA
02265,MA
02292,MA
02225,MA
02231,MA
02272,MA
02254,MA
02298,MA
02212,MA
02207,MA
02255,MA
02232,MA
02206,MA
02226,MA
02284,MA
02208,MA
02221,MA
02223,MA
02286,MA
02252,MA
02274,MA
02299,MA
02213,MA
02257,MA
02233,MA
02240,MA
02273,MA
02290,MA
02247,MA
02269,MA
02229,MA
02264,MA
02234,MA
02259,MA
02476,MA
02426,MA
02405,MA
02416,MA
02413,MA
02468,MA
02462,MA
02481,MA
02417,MA
02425,MA
02467,MA
02423,MA
02446,MA
02450,MA
02479,MA
02488,MA
02452,MA
02427,MA
02456,MA
02422,MA
02414,MA
02464,MA
02401,MA
02448,MA
02415,MA
02483,MA
02445,MA
02409,MA
02411,MA
02478,MA
02473,MA
02438,MA
02495,MA
02490,MA
02455,MA
02453,MA
02480,MA
02439,MA
02441,MA
02493,MA
02430,MA
02412,MA
02491,MA
02458,MA
02404,MA
02447,MA
02474,MA
02463,MA
02457,MA
02469,MA
02484,MA
02407,MA
02451,MA
02496,MA
02410,MA
02477,MA
02459,MA
02475,MA
02433,MA
02440,MA
02436,MA
02437,MA
02485,MA
02421,MA
02419,MA
02442,MA
02494,MA
02498,MA
02400,MA
02482,MA
02424,MA
02429,MA
02460,MA
02443,MA
02461,MA
02444,MA
02470,MA
02402,MA
02406,MA
02420,MA
02449,MA
02432,MA
02466,MA
02408,MA
02489,MA
02499,MA
02487,MA
02403,MA
02471,MA
85027,AZ
85042,AZ
85059,AZ
85085,AZ
85057,AZ
85063,AZ
85079,AZ
85055,AZ
85090,AZ
85041,AZ
85037,AZ
85049,AZ
85038,AZ
85073,AZ
85007,AZ
85018,AZ
85022,AZ
85078,AZ
85089,AZ
85093,AZ
85064,AZ
85060,AZ
85020,AZ
85052,AZ
85091,AZ
85001,AZ
85092,AZ
85043,AZ
85030,AZ
85098,AZ
85054,AZ
85074,AZ
85067,AZ
85006,AZ
85046,AZ
85048,AZ
85075,AZ
85071,AZ
85004,AZ
85028,AZ
85012,AZ
85034,AZ
85008,AZ
85031,AZ
85096,AZ
85076,AZ
85000,AZ
85051,AZ
85047,AZ
85077,AZ
85045,AZ
85080,AZ
85061,AZ
85053,AZ
85068,AZ
85044,AZ
85099,AZ
85017,AZ
85019,AZ
85062,AZ
85058,AZ
85036,AZ
85002,AZ
85081,AZ
85025,AZ
85039,AZ
85003,AZ
85088,AZ
85065,AZ
85069,AZ
85023,AZ
85014,AZ
85084,AZ
85035,AZ
85086,AZ
85040,AZ
85024,AZ
85026,AZ
85095,AZ
85009,AZ
85015,AZ
85010,AZ
85013,AZ
85029,AZ
85066,AZ
85087,AZ
85011,AZ
85083,AZ
85070,AZ
85249,AZ
85269,AZ
85247,AZ
85257,AZ
85287,AZ
85218,AZ
85207,AZ
85276,AZ
85283,AZ
85267,AZ
85201,AZ
85235,AZ
85289,AZ
85225,AZ
85220,AZ
85229,AZ
85254,AZ
85239,AZ
85256,AZ
85274,AZ
85273,AZ
85260,AZ
85263,AZ
85217,AZ
85272,AZ
85237,AZ
85255,AZ
85244,AZ
85290,AZ
85299,AZ
85251,AZ
85219,AZ
85246,AZ
85238,AZ
85210,AZ
85280,AZ
85271,AZ
85221,AZ
85222,AZ
85223,AZ
85202,AZ
85245,AZ
85248,AZ
85294,AZ
85298,AZ
85285,AZ
85234,AZ
85236,AZ
85281,AZ
85224,AZ
85258,AZ
85215,AZ
85227,AZ
85205,AZ
85216,AZ
85206,AZ
85288,AZ
85268,AZ
85200,AZ
85296,AZ
85295,AZ
85291,AZ
85208,AZ
85209,AZ
85265,AZ
85278,AZ
85261,AZ
85211,AZ
85213,AZ
85275,AZ
85282,AZ
85233,AZ
85262,AZ
85214,AZ
85286,AZ
85264,AZ
85243,AZ
85228,AZ
85277,AZ
85266,AZ
85241,AZ
85212,AZ
85284,AZ
85203,AZ
85279,AZ
85270,AZ
85253,AZ
85226,AZ
85292,AZ
85353,AZ
85318,AZ
85374,AZ
85321,AZ
85309,AZ
85335,AZ
85322,AZ
85313,AZ
85356,AZ
85378,AZ
85381,AZ
85396,AZ
85392,AZ
85308,AZ
85327,AZ
85370,AZ
85383,AZ
85341,AZ
85389,AZ
85320,AZ
85342,AZ
85380,AZ
85333,AZ
85369,AZ
85350,AZ
85330,AZ
85373,AZ
85348,AZ
85375,AZ
85326,AZ
85385,AZ
85371,AZ
85368,AZ
85384,AZ
85351,AZ
85319,AZ
85324,AZ
85387,AZ
85328,AZ
85362,AZ
85340,AZ
85323,AZ
85352,AZ
85310,AZ
85386,AZ
85391,AZ
85365,AZ
85339,AZ
85388,AZ
85377,AZ
85399,AZ
85382,AZ
85397,AZ
85372,AZ
85360,AZ
85367,AZ
85390,AZ
85364,AZ
85349,AZ
85357,AZ
85366,AZ
85317,AZ
85345,AZ
85354,AZ
85304,AZ
85347,AZ
85302,AZ
85311,AZ
85395,AZ
85343,AZ
85329,AZ
85315,AZ
85325,AZ
85336,AZ
85301,AZ
85394,AZ
85337,AZ
85346,AZ
85355,AZ
85331,AZ
85305,AZ
85393,AZ
85307,AZ
85359,AZ
85361,AZ
85334,AZ
85300,AZ
85303,AZ
85332,AZ
19172,PA
19168,PA
19110,PA
19167,PA
19148,PA
19115,PA
19150,PA
19141,PA
19112,PA
19185,PA
19183,PA
19180,PA
19135,PA
19101,PA
19171,PA
19158,PA
19151,PA
19131,PA
19191,PA
19186,PA
19139,PA
19122,PA
19170,PA
19105,PA
19187,PA
19197,PA
19179,PA
19196,PA
19120,PA
19125,PA
19117,PA
19145,PA
19132,PA
19163,PA
19114,PA
19128,PA
19176,PA
19194,PA
19137,PA
19156,PA
19127,PA
19111,PA
19140,PA
19116,PA
19109,PA
19190,PA
19136,PA
19193,PA
19149,PA
19104,PA
19153,PA
19177,PA
19154,PA
19181,PA
19173,PA
19169,PA
19164,PA
19106,PA
19100,PA
19107,PA
19129,PA
19157,PA
19188,PA
19147,PA
19119,PA
19126,PA
19118,PA
19124,PA
19123,PA
19159,PA
19165,PA
19134,PA
19184,PA
19182,PA
19143,PA
19161,PA
19133,PA
19103,PA
19175,PA
19113,PA
19155,PA
19102,PA
19142,PA
19130,PA
19108,PA
19198,PA
19192,PA
19166,PA
19152,PA
19069,PA
19013,PA
19072,PA
19022,PA
19090,PA
19070,PA
19025,PA
19030,PA
19014,PA
19049,PA
19000,PA
19056,PA
19044,PA
19005,PA
19095,PA
19019,PA
19084,PA
19075,PA
19011,PA
19073,PA
19036,PA
19060,PA
19017,PA
19093,PA
19033,PA
19003,PA
19053,PA
19059,PA
19043,PA
19091,PA
19032,PA
19051,PA
19038,PA
19050,PA
19026,PA
19004,PA
19078,PA
19021,PA
19035,PA
19089,PA
19008,PA
19088,PA
19083,PA
19041,PA
19081,PA
19034,PA
19074,PA
19029,PA
19045,PA
19067,PA
19071,PA
19028,PA
19063,PA
19082,PA
19048,PA
19046,PA
19002,PA
19086,PA
19065,PA
19009,PA
19020,PA
19042,PA
19080,PA
19066,PA
19058,PA
19010,PA
19092,PA
19037,PA
19001,PA
19031,PA
19012,PA
19047,PA
19061,PA
19077,PA
19018,PA
19040,PA
19057,PA
19023,PA
19068,PA
19062,PA
19079,PA
19006,PA
19076,PA
19007,PA
19085,PA
19064,PA
19024,PA
19052,PA
19015,PA
98115,WA
98109,WA
98143,WA
98182,WA
98116,WA
98147,WA
98170,WA
98114,WA
98167,WA
98188,WA
98152,WA
98198,WA
98183,WA
98178,WA
98137,WA
98192,WA
98196,WA
98156,WA
98161,WA
98107,WA
98132,WA
98117,WA
98193,WA
98100,WA
98111,WA
98110,WA
98153,WA
98173,WA
98139,WA
98122,WA
98185,WA
98175,WA
98165,WA
98141,WA
98124,WA
98177,WA
98189,WA
98199,WA
98191,WA
98169,WA
98166,WA
98101,WA
98104,WA
98159,WA
98140,WA
98195,WA
98127,WA
98184,WA
98176,WA
98187,WA
98179,WA
98146,WA
98186,WA
98158,WA
98190,WA
98129,WA
98118,WA
98134,WA
98163,WA
98105,WA
98108,WA
98150,WA
98180,WA
98157,WA
98133,WA
98142,WA
98131,WA
98125,WA
98194,WA
98136,WA
98181,WA
98126,WA
98171,WA
98102,WA
98168,WA
98162,WA
98164,WA
98138,WA
98106,WA
98154,WA
98149,WA
98123,WA
98172,WA
98128,WA
98121,WA
98119,WA
98135,WA
98130,WA
98148,WA
98057,WA
98012,WA
98019,WA
98056,WA
98009,WA
98038,WA
98030,WA
98066,WA
98039,WA
98032,WA
98042,WA
98013,WA
98088,WA
98028,WA
98059,WA
98016,WA
98033,WA
98027,WA
98085,WA
98053,WA
98073,WA
98063,WA
98005,WA
98054,WA
98096,WA
98008,WA
98048,WA
98077,WA
98081,WA
98004,WA
98011,WA
98043,WA
98094,WA
98017,WA
98097,WA
98068,WA
98021,WA
98015,WA
98026,WA
98060,WA
98049,WA
98099,WA
98020,WA
98041,WA
98071,WA
98044,WA
98062,WA
98058,WA
98025,WA
98023,WA
98079,WA
98002,WA
98031,WA
98065,WA
98047,WA
98067,WA
98074,WA
98010,WA
98069,WA
98064,WA
98070,WA
98045,WA
98024,WA
98007,WA
98061,WA
98086,WA
98083,WA
98014,WA
98076,WA
98091,WA
98093,WA
98050,WA
98003,WA
98092,WA
98037,WA
98006,WA
98078,WA
98001,WA
98080,WA
98052,WA
98034,WA
98018,WA
98090,WA
98087,WA
98000,WA
98029,WA
98046,WA
98095,WA
98098,WA
98207,WA
98245,WA
98257,WA
98223,WA
98201,WA
98261,WA
98204,WA
98271,WA
98209,WA
98298,WA
98264,WA
98283,WA
98299,WA
98272,WA
98225,WA
98217,WA
98251,WA
98240,WA
98234,WA
98270,WA
98291,WA
98284,WA
98224,WA
98247,WA
98248,WA
98274,WA
98243,WA
98228,WA
98232,WA
98253,WA
98241,WA
98222,WA
98235,WA
98219,WA
98288,WA
98265,WA
98258,WA
98256,WA
98208,WA
98279,WA
98285,WA
98215,WA
98205,WA
98212,WA
98268,WA
98229,WA
98297,WA
98296,WA
98249,WA
98250,WA
98202,WA
98230,WA
98287,WA
98214,WA
98252,WA
98295,WA
98277,WA
98289,WA
98275,WA
98227,WA
98269,WA
98254,WA
98281,WA
98246,WA
98292,WA
98278,WA
98237,WA
98267,WA
98216,WA
98213,WA
98242,WA
98203,WA
98206,WA
98211,WA
98239,WA
98262,WA
98255,WA
98226,WA
98200,WA
98273,WA
98244,WA
98286,WA
98218,WA
98294,WA
98220,WA
98260,WA
98276,WA
98233,WA
98266,WA
80243,CO
80296,CO
80266,CO
80226,CO
80238,CO
80284,CO
80230,CO
80282,CO
80270,CO
80277,CO
80210,CO
80262,CO
80280,CO
80212,CO
80217,CO
80268,CO
80252,CO
80227,CO
80264,CO
80294,CO
80255,CO
80259,CO
80202,CO
80213,CO
80250,CO
80291,CO
80274,CO
80228,CO
80220,CO
80221,CO
80216,CO
80241,CO
80285,CO
80215,CO
80200,CO
80225,CO
80247,CO
80272,CO
80208,CO
80219,CO
80292,CO
80214,CO
80218,CO
80293,CO
80203,CO
80244,CO
80242,CO
80248,CO
80269,CO
80281,CO
80297,CO
80204,CO
80245,CO
80211,CO
80234,CO
80258,CO
80223,CO
80249,CO
80206,CO
80267,CO
80261,CO
80256,CO
80209,CO
80207,CO
80254,CO
80263,CO
80283,CO
80201,CO
80239,CO
80295,CO
80224,CO
80232,CO
80233,CO
80279,CO
80253,CO
80276,CO
80229,CO
80246,CO
80251,CO
80289,CO
80287,CO
80231,CO
80260,CO
80278,CO
80290,CO
80236,CO
80298,CO
80222,CO
80271,CO
80003,CO
80057,CO
80027,CO
80010,CO
80080,CO
80029,CO
80048,CO
80087,CO
80085,CO
80050,CO
80020,CO
80047,CO
80011,CO
80017,CO
80069,CO
80041,CO
80013,CO
80071,CO
80053,CO
80045,CO
80052,CO
80091,CO
80063,CO
80033,CO
80002,CO
80016,CO
80007,CO
80077,CO
80076,CO
80038,CO
80051,CO
80024,CO
80099,CO
80081,CO
80022,CO
80005,CO
80084,CO
80098,CO
80046,CO
80094,CO
80039,CO
80030,CO
80000,CO
80018,CO
80044,CO
80004,CO
80065,CO
80072,CO
80097,CO
80015,CO
80043,CO
80034,CO
80009,CO
80054,CO
80073,CO
80035,CO
80025,CO
80014,CO
80082,CO
80090,CO
80064,CO
80089,CO
80066,CO
80079,CO
80012,CO
80095,CO
80026,CO
80096,CO
80059,CO
80093,CO
80088,CO
80056,CO
80040,CO
80008,CO
80061,CO
80021,CO
80001,CO
80092,CO
80055,CO
80036,CO
80074,CO
80078,CO
80028,CO
80049,CO
80042,CO
80060,CO
80068,CO
80031,CO
80067,CO
80148,CO
80175,CO
80113,CO
80195,CO
80119,CO
80140,CO
80131,CO
80102,CO
80104,CO
80100,CO
80180,CO
80191,CO
80198,CO
80134,CO
80181,CO
80153,CO
80145,CO
80188,CO
80199,CO
80156,CO
80149,CO
80130,CO
80169,CO
80120,CO
80189,CO
80147,CO
80116,CO
80103,CO
80182,CO
80132,CO
80155,CO
80105,CO
80144,CO
80141,CO
80106,CO
80101,CO
80163,CO
80157,CO
80184,CO
80122,CO
80137,CO
80186,CO
80115,CO
80118,CO
80197,CO
80123,CO
80142,CO
80133,CO
80150,CO
80126,CO
80158,CO
80135,CO
80193,CO
80187,CO
80128,CO
80139,CO
80168,CO
80154,CO
80164,CO
80152,CO
80185,CO
80129,CO
80124,CO
80127,CO
80112,CO
80162,CO
80194,CO
80171,CO
80151,CO
80183,CO
80179,CO
80109,CO
80138,CO
80166,CO
80161,CO
80125,CO
80196,CO
80172,CO
80107,CO
80174,CO
80160,CO
80165,CO
80173,CO
80176,CO
80136,CO
80111,CO
80121,CO
80178,CO
80146,CO
30362,GA
30309,GA
30380,GA
30394,GA
30386,GA
30331,GA
30349,GA
30311,GA
30333,GA
30303,GA
30379,GA
30359,GA
30399,GA
30334,GA
30307,GA
30398,GA
30324,GA
30365,GA
30305,GA
30356,GA
30375,GA
30346,GA
30339,GA
30315,GA
30344,GA
30364,GA
30328,GA
30393,GA
30335,GA
30350,GA
30355,GA
30337,GA
30317,GA
30325,GA
30312,GA
30352,GA
30330,GA
30354,GA
30376,GA
30327,GA
30314,GA
30353,GA
30390,GA
30360,GA
30323,GA
30357,GA
30392,GA
30342,GA
30381,GA
30300,GA
30343,GA
30373,GA
30389,GA
30385,GA
30345,GA
30338,GA
30395,GA
30321,GA
30347,GA
30387,GA
30308,GA
30358,GA
30301,GA
30351,GA
30340,GA
30304,GA
30363,GA
30368,GA
30319,GA
30378,GA
30336,GA
30391,GA
30383,GA
30384,GA
30322,GA
30369,GA
30318,GA
30367,GA
30397,GA
30372,GA
30332,GA
30341,GA
30374,GA
30371,GA
30310,GA
30377,GA
30382,GA
30316,GA
30361,GA
30008,GA
30080,GA
30047,GA
30040,GA
30000,GA
30009,GA
30025,GA
30027,GA
30001,GA
30066,GA
30042,GA
30074,GA
30067,GA
30049,GA
30012,GA
30005,GA
30070,GA
30051,GA
30078,GA
30090,GA
30055,GA
30092,GA
30032,GA
30007,GA
30016,GA
30031,GA
30083,GA
30062,GA
30086,GA
30054,GA
30010,GA
30036,GA
30046,GA
30035,GA
30044,GA
30029,GA
30020,GA
30017,GA
30038,GA
30064,GA
30061,GA
30060,GA
30041,GA
30013,GA
30050,GA
30002,GA
30085,GA
30089,GA
30006,GA
30077,GA
30045,GA
30034,GA
30019,GA
30098,GA
30082,GA
30056,GA
30048,GA
30084,GA
30099,GA
30094,GA
30057,GA
30028,GA
30023,GA
30030,GA
30059,GA
30021,GA
30095,GA
30053,GA
30011,GA
30088,GA
30093,GA
30068,GA
30096,GA
30015,GA
30037,GA
30063,GA
30073,GA
30097,GA
30039,GA
30058,GA
30091,GA
30079,GA
30065,GA
30076,GA
30024,GA
30018,GA
30081,GA
30026,GA
30071,GA
30103,GA
30148,GA
30164,GA
30150,GA
30132,GA
30158,GA
30162,GA
30168,GA
30115,GA
30177,GA
30195,GA
30107,GA
30134,GA
30102,GA
30194,GA
30124,GA
30130,GA
30145,GA
30153,GA
30137,GA
30128,GA
30157,GA
30119,GA
30193,GA
30106,GA
30182,GA
30114,GA
30138,GA
30135,GA
30120,GA
30110,GA
30126,GA
30199,GA
30185,GA
30127,GA
30166,GA
30101,GA
30141,GA
30191,GA
30105,GA
30192,GA
30112,GA
30196,GA
30160,GA
30178,GA
30125,GA
30181,GA
30147,GA
30173,GA
30189,GA
30140,GA
30197,GA
30146,GA
30133,GA
30161,GA
30111,GA
30136,GA
30184,GA
30180,GA
30187,GA
30156,GA
30188,GA
30131,GA
30170,GA
30190,GA
30142,GA
30175,GA
30169,GA
30159,GA
30152,GA
30171,GA
30151,GA
30176,GA
30165,GA
30198,GA
30149,GA
30104,GA
30122,GA
30183,GA
30129,GA
30174,GA
30121,GA
30109,GA
30172,GA
30163,GA
30108,GA
30113,GA
30143,GA
30155,GA
97225,OR
97275,OR
97270,OR
97257,OR
97236,OR
97289,OR
97245,OR
97221,OR
97272,OR
97209,OR
97224,OR
97263,OR
97258,OR
97255,OR
97206,OR
97252,OR
97215,OR
97230,OR
97242,OR
97281,OR
97271,OR
97204,OR
97274,OR
97237,OR
97273,OR
97211,OR
97276,OR
97240,OR
97205,OR
97246,OR
97201,OR
97287,OR
97250,OR
97297,OR
97208,OR
97260,OR
97248,OR
97218,OR
97264,OR
97226,OR
97200,OR
97268,OR
97290,OR
97239,OR
97214,OR
97256,OR
97249,OR
97235,OR
97216,OR
97213,OR
97298,OR
97292,OR
97293,OR
97223,OR
97282,OR
97238,OR
97265,OR
97217,OR
97229,OR
97299,OR
97295,OR
97232,OR
97266,OR
97294,OR
97222,OR
97202,OR
97296,OR
97262,OR
97261,OR
97259,OR
97285,OR
97267,OR
97219,OR
97279,OR
97210,OR
97203,OR
97220,OR
97251,OR
97227,OR
97243,OR
97288,OR
97241,OR
97280,OR
97247,OR
97286,OR
97233,OR
97284,OR
97253,OR
97244,OR
97038,OR
97040,OR
97033,OR
97097,OR
97029,OR
97012,OR
97032,OR
97059,OR
97093,OR
97089,OR
97030,OR
97098,OR
97016,OR
97039,OR
97099,OR
97042,OR
97036,OR
97084,OR
97096,OR
97077,OR
97055,OR
97071,OR
97031,OR
97006,OR
97092,OR
97050,OR
97088,OR
97003,OR
97066,OR
97067,OR
97046,OR
97015,OR
97078,OR
97043,OR
97014,OR
97079,OR
97037,OR
97019,OR
97072,OR
97087,OR
97011,OR
97065,OR
97052,OR
97041,OR
97064,OR
97057,OR
97049,OR
97053,OR
97086,OR
97090,OR
97082,OR
97080,OR
97094,OR
97063,OR
97045,OR
97034,OR
97069,OR
97004,OR
97010,OR
97027,OR
97008,OR
97021,OR
97047,OR
97018,OR
97051,OR
97009,OR
97048,OR
97073,OR
97013,OR
97025,OR
97061,OR
97060,OR
97054,OR
97074,OR
97000,OR
97068,OR
97083,OR
97044,OR
97095,OR
97091,OR
97007,OR
97056,OR
97023,OR
97005,OR
97058,OR
97035,OR
97075,OR
97017,OR
97001,OR
97163,OR
97196,OR
97124,OR
97134,OR
97179,OR
97122,OR
97106,OR
97194,OR
97152,OR
97142,OR
97190,OR
97181,OR
97198,OR
97100,OR
97137,OR
97117,OR
97154,OR
97118,OR
97130,OR
97129,OR
97113,OR
97133,OR
97151,OR
97174,OR
97165,OR
97112,OR
97144,OR
97191,OR
97148,OR
97186,OR
97188,OR
97132,OR
97192,OR
97153,OR
97166,OR
97147,OR
97169,OR
97155,OR
97127,OR
97159,OR
97173,OR
97104,OR
97110,OR
97141,OR
97145,OR
97114,OR
97107,OR
97126,OR
97116,OR
97199,OR
97184,OR
97172,OR
97157,OR
97140,OR
97197,OR
97109,OR
97111,OR
97178,OR
97149,OR
97150,OR
97195,OR
97119,OR
97108,OR
97167,OR
97120,OR
97182,OR
97175,OR
97131,OR
97146,OR
97143,OR
97101,OR
97161,OR
97138,OR
97105,OR
97139,OR
97171,OR
97183,OR
97160,OR
97189,OR
97135,OR
97187,OR
97136,OR
97164,OR
97128,OR
97121,OR
97103,OR
97156,OR
97125,OR
97158,OR
48272,MI
48244,MI
48252,MI
48248,MI
48260,MI
48290,MI
48268,MI
48256,MI
48241,MI
48259,MI
48216,MI
48220,MI
48279,MI
48233,MI
48258,MI
48224,MI
48228,MI
48215,MI
48251,MI
48284,MI
48295,MI
48266,MI
48249,MI
48208,MI
48229,MI
48234,MI
48276,MI
48236,MI
48225,MI
48245,MI
48287,MI
48271,MI
48299,MI
48231,MI
48211,MI
48255,MI
48267,MI
48247,MI
48237,MI
48213,MI
48226,MI
48286,MI
48243,MI
48235,MI
48254,MI
48201,MI
48294,MI
48217,MI
48206,MI
48269,MI
48291,MI
48253,MI
48277,MI
48298,MI
48246,MI
48232,MI
48219,MI
48223,MI
48281,MI
48282,MI
48263,MI
48205,MI
48222,MI
48250,MI
48202,MI
48200,MI
48278,MI
48210,MI
48221,MI
48262,MI
48270,MI
48203,MI
48240,MI
48204,MI
48242,MI
48239,MI
48288,MI
48285,MI
48280,MI
48275,MI
48257,MI
48297,MI
48293,MI
48283,MI
48209,MI
48214,MI
48230,MI
48273,MI
48238,MI
48031,MI
48061,MI
48075,MI
48080,MI
48022,MI
48062,MI
48088,MI
48044,MI
48082,MI
48011,MI
48085,MI
48096,MI
48027,MI
48009,MI
48060,MI
48016,MI
48055,MI
48003,MI
48097,MI
48037,MI
48045,MI
48052,MI
48007,MI
48083,MI
48068,MI
48020,MI
48040,MI
48056,MI
48092,MI
48028,MI
48033,MI
48070,MI
48021,MI
48018,MI
48017,MI
48004,MI
48026,MI
48005,MI
48091,MI
48046,MI
48010,MI
48012,MI
48013,MI
48008,MI
48023,MI
48050,MI
48077,MI
48015,MI
48090,MI
48006,MI
48051,MI
48074,MI
48073,MI
48000,MI
48098,MI
48071,MI
48025,MI
48065,MI
48054,MI
48048,MI
48036,MI
48087,MI
48002,MI
48066,MI
48067,MI
48058,MI
48095,MI
48084,MI
48093,MI
48049,MI
48034,MI
48064,MI
48076,MI
48029,MI
48019,MI
48081,MI
48094,MI
48053,MI
48069,MI
48043,MI
48099,MI
48079,MI
48063,MI
48041,MI
48089,MI
48086,MI
48038,MI
48014,MI
48035,MI
48153,MI
48185,MI
48127,MI
48198,MI
48164,MI
48159,MI
48139,MI
48131,MI
48102,MI
48196,MI
48132,MI
48169,MI
48190,MI
48106,MI
48154,MI
48197,MI
48145,MI
48138,MI
48182,MI
48152,MI
48183,MI
48144,MI
48150,MI
48116,MI
48118,MI
48117,MI
48137,MI
48189,MI
48193,MI
48104,MI
48168,MI
48143,MI
48114,MI
48181,MI
48194,MI
48110,MI
48135,MI
48108,MI
48161,MI
48146,MI
48115,MI
48157,MI
48113,MI
48195,MI
48163,MI
48105,MI
48158,MI
48140,MI
48178,MI
48133,MI
48187,MI
48179,MI
48149,MI
48167,MI
48174,MI
48101,MI
48109,MI
48103,MI
48125,MI
48199,MI
48170,MI
48112,MI
48192,MI
48120,MI
48148,MI
48126,MI
48180,MI
48130,MI
48151,MI
48165,MI
48172,MI
48155,MI
48171,MI
48173,MI
48191,MI
48156,MI
48100,MI
48128,MI
48119,MI
48188,MI
48175,MI
48136,MI
48147,MI
48107,MI
48111,MI
48186,MI
48123,MI
48142,MI
48176,MI
46266,IN
46263,IN
46235,IN
46296,IN
46281,IN
46245,IN
46271,IN
46248,IN
46230,IN
46272,IN
46206,IN
46254,IN
46232,IN
46207,IN
46205,IN
46279,IN
46299,IN
46298,IN
46247,IN
46289,IN
46270,IN
46220,IN
46236,IN
46273,IN
46238,IN
46283,IN
46264,IN
46249,IN
46239,IN
46267,IN
46234,IN
46246,IN
46200,IN
46222,IN
46224,IN
46293,IN
46219,IN
46216,IN
46269,IN
46292,IN
46215,IN
46210,IN
46290,IN
46251,IN
46204,IN
46203,IN
46244,IN
46276,IN
46286,IN
46240,IN
46294,IN
46287,IN
46201,IN
46202,IN
46282,IN
46261,IN
46259,IN
46275,IN
46255,IN
46274,IN
46288,IN
46265,IN
46227,IN
46258,IN
46256,IN
46228,IN
46209,IN
46218,IN
46225,IN
46253,IN
46277,IN
46229,IN
46223,IN
46212,IN
46213,IN
46262,IN
46280,IN
46233,IN
46243,IN
46278,IN
46211,IN
46226,IN
46221,IN
46250,IN
46237,IN
46295,IN
46257,IN
46208,IN
46284,IN
46008,IN
46095,IN
46053,IN
46083,IN
46075,IN
46097,IN
46028,IN
46069,IN
46068,IN
46066,IN
46052,IN
46040,IN
46060,IN
46074,IN
46073,IN
46048,IN
46070,IN
46049,IN
46093,IN
46035,IN
46011,IN
46054,IN
46018,IN
46096,IN
46047,IN
46044,IN
46079,IN
46019,IN
46065,IN
46084,IN
46087,IN
46081,IN
46024,IN
46012,IN
46098,IN
46059,IN
46029,IN
46050,IN
46020,IN
46082,IN
46033,IN
46046,IN
46055,IN
46045,IN
46010,IN
46036,IN
46027,IN
46025,IN
46038,IN
46080,IN
46026,IN
46034,IN
46031,IN
46005,IN
46017,IN
46030,IN
46091,IN
46086,IN
46094,IN
46089,IN
46037,IN
46071,IN
46015,IN
46032,IN
46077,IN
46006,IN
46009,IN
46072,IN
46043,IN
46090,IN
46013,IN
46002,IN
46041,IN
46007,IN
46078,IN
46064,IN
46051,IN
46042,IN
46023,IN
46001,IN
46039,IN
46063,IN
46021,IN
46076,IN
46003,IN
46092,IN
46014,IN
46061,IN
46058,IN
46173,IN
46109,IN
46129,IN
46108,IN
46151,IN
46165,IN
46120,IN
46130,IN
46181,IN
46160,IN
46107,IN
46166,IN
46115,IN
46180,IN
46175,IN
46182,IN
46104,IN
46131,IN
46189,IN
46185,IN
46194,IN
46128,IN
46156,IN
46126,IN
46161,IN
46125,IN
46113,IN
46167,IN
46127,IN
46100,IN
46177,IN
46144,IN
46141,IN
46155,IN
46183,IN
46111,IN
46147,IN
46197,IN
46102,IN
46187,IN
46121,IN
46188,IN
46123,IN
46153,IN
46134,IN
46195,IN
46163,IN
46186,IN
46179,IN
46132,IN
46152,IN
46114,IN
46137,IN
46192,IN
46139,IN
46135,IN
46193,IN
46124,IN
46118,IN
46138,IN
46157,IN
46154,IN
46198,IN
46143,IN
46196,IN
46184,IN
46150,IN
46110,IN
46176,IN
46169,IN
46106,IN
46199,IN
46171,IN
46112,IN
46190,IN
46178,IN
46122,IN
46103,IN
46133,IN
46116,IN
46191,IN
46117,IN
46174,IN
46162,IN
46158,IN
46172,IN
46146,IN
46101,IN
46164,IN
37201,TN
37261,TN
37251,TN
37263,TN
37298,TN
37229,TN
37219,TN
37205,TN
37257,TN
37295,TN
37278,TN
37243,TN
37290,TN
37275,TN
37242,TN
37220,TN
37203,TN
37231,TN
37200,TN
37256,TN
37293,TN
37279,TN
37262,TN
37291,TN
37265,TN
37285,TN
37269,TN
37241,TN
37227,TN
37271,TN
37282,TN
37246,TN
37226,TN
37270,TN
37233,TN
37215,TN
37237,TN
37247,TN
37244,TN
37266,TN
37211,TN
37268,TN
37273,TN
37248,TN
37208,TN
37286,TN
37289,TN
37210,TN
37259,TN
37228,TN
37224,TN
37204,TN
37245,TN
37258,TN
37223,TN
37254,TN
37294,TN
37214,TN
37213,TN
37232,TN
37225,TN
37222,TN
37234,TN
37207,TN
37250,TN
37238,TN
37274,TN
37239,TN
37255,TN
37202,TN
37299,TN
37283,TN
37206,TN
37253,TN
37218,TN
37235,TN
37292,TN
37230,TN
37260,TN
37240,TN
37280,TN
37284,TN
37216,TN
37297,TN
37249,TN
37287,TN
37288,TN
37296,TN
37264,TN
37043,TN
37077,TN
37021,TN
37018,TN
37015,TN
37099,TN
37089,TN
37080,TN
37039,TN
37047,TN
37028,TN
37037,TN
37023,TN
37051,TN
37005,TN
37034,TN
37006,TN
37042,TN
37036,TN
37064,TN
37069,TN
37063,TN
37026,TN
37087,TN
37093,TN
37062,TN
37074,TN
37060,TN
37094,TN
37075,TN
37059,TN
37045,TN
37019,TN
37082,TN
37067,TN
37012,TN
37091,TN
37038,TN
37014,TN
37020,TN
37055,TN
37011,TN
37052,TN
37001,TN
37076,TN
37095,TN
37046,TN
37073,TN
37003,TN
37000,TN
37092,TN
37090,TN
37081,TN
37085,TN
37050,TN
37058,TN
37002,TN
37088,TN
37027,TN
37098,TN
37049,TN
37078,TN
37032,TN
37068,TN
37086,TN
37041,TN
37009,TN
37017,TN
37072,TN
37057,TN
37065,TN
37096,TN
37029,TN
37013,TN
37040,TN
37025,TN
37004,TN
37056,TN
37079,TN
37035,TN
37033,TN
37031,TN
37053,TN
37066,TN
37008,TN
37044,TN
37070,TN
37010,TN
37054,TN
37114,TN
37142,TN
37150,TN
37145,TN
37106,TN
37126,TN
37172,TN
37108,TN
37124,TN
37119,TN
37176,TN
37169,TN
37146,TN
37195,TN
37182,TN
37163,TN
37191,TN
37155,TN
37133,TN
37167,TN
37112,TN
37186,TN
37160,TN
37120,TN
37175,TN
37123,TN
37138,TN
37171,TN
37130,TN
37158,TN
37168,TN
37121,TN
37140,TN
37164,TN
37148,TN
37144,TN
37179,TN
37190,TN
37177,TN
37127,TN
37161,TN
37116,TN
37117,TN
37118,TN
37154,TN
37185,TN
37115,TN
37173,TN
37104,TN
37157,TN
37187,TN
37149,TN
37105,TN
37180,TN
37129,TN
37159,TN
37194,TN
37100,TN
37184,TN
37152,TN
37103,TN
37101,TN
37128,TN
37156,TN
37143,TN
37153,TN
37199,TN
37178,TN
37137,TN
37166,TN
37188,TN
37109,TN
37151,TN
37111,TN
37122,TN
37136,TN
37170,TN
37113,TN
37147,TN
37193,TN
37132,TN
37165,TN
37174,TN
37198,TN
37196,TN
37131,TN
37135,TN
37183,TN
37181,TN
73104,OK
73195,OK
73163,OK
73148,OK
73155,OK
73157,OK
73103,OK
73129,OK
73183,OK
73188,OK
73114,OK
73128,OK
73106,OK
73126,OK
73172,OK
73102,OK
73173,OK
73158,OK
73166,OK
73122,OK
73159,OK
73120,OK
73141,OK
73194,OK
73180,OK
73187,OK
73162,OK
73107,OK
73142,OK
73169,OK
73109,OK
73125,OK
73143,OK
73171,OK
73130,OK
73181,OK
73189,OK
73123,OK
73105,OK
73139,OK
73115,OK
73100,OK
73154,OK
73193,OK
73134,OK
73164,OK
73190,OK
73138,OK
73111,OK
73137,OK
73196,OK
73198,OK
73170,OK
73160,OK
73116,OK
73150,OK
73101,OK
73197,OK
73199,OK
73165,OK
73136,OK
73152,OK
73191,OK
73113,OK
73174,OK
73149,OK
73118,OK
73145,OK
73179,OK
73133,OK
73119,OK
73131,OK
73144,OK
73177,OK
73121,OK
73184,OK
73112,OK
73151,OK
73167,OK
73153,OK
73146,OK
73176,OK
73168,OK
73110,OK
73117,OK
73192,OK
73140,OK
73178,OK
73175,OK
73003,OK
73005,OK
73084,OK
73059,OK
73062,OK
73020,OK
73012,OK
73063,OK
73033,OK
73096,OK
73023,OK
73046,OK
73083,OK
73043,OK
73050,OK
73007,OK
73090,OK
73010,OK
73044,OK
73026,OK
73093,OK
73085,OK
73015,OK
73068,OK
73098,OK
73039,OK
73069,OK
73042,OK
73070,OK
73048,OK
73045,OK
73078,OK
73099,OK
73022,OK
73013,OK
73036,OK
73028,OK
73064,OK
73032,OK
73067,OK
73004,OK
73065,OK
73073,OK
73002,OK
73086,OK
73000,OK
73060,OK
73027,OK
73071,OK
73038,OK
73097,OK
73080,OK
73091,OK
73066,OK
73095,OK
73087,OK
73041,OK
73079,OK
73047,OK
73056,OK
73074,OK
73031,OK
73016,OK
73014,OK
73053,OK
73094,OK
73058,OK
73009,OK
73017,OK
73054,OK
73055,OK
73057,OK
73024,OK
73021,OK
73088,OK
73035,OK
73018,OK
73029,OK
73052,OK
73030,OK
73072,OK
73040,OK
73077,OK
73034,OK
73051,OK
73075,OK
73092,OK
73008,OK
73076,OK
55426,MN
55471,MN
55482,MN
55410,MN
55497,MN
55460,MN
55433,MN
55430,MN
55452,MN
55450,MN
55448,MN
55416,MN
55494,MN
55464,MN
55436,MN
55414,MN
55438,MN
55451,MN
55413,MN
55403,MN
55429,MN
55478,MN
55465,MN
55406,MN
55454,MN
55435,MN
55427,MN
55421,MN
55453,MN
55445,MN
55474,MN
55425,MN
55441,MN
55473,MN
55484,MN
55439,MN
55495,MN
55491,MN
55442,MN
55496,MN
55446,MN
55424,MN
55476,MN
55401,MN
55423,MN
55459,MN
55422,MN
55493,MN
55431,MN
55457,MN
55485,MN
55455,MN
55469,MN
55458,MN
55434,MN
55428,MN
55440,MN
55400,MN
55461,MN
55462,MN
55498,MN
55489,MN
55488,MN
55467,MN
55444,MN
55499,MN
55492,MN
55447,MN
55468,MN
55479,MN
55417,MN
55466,MN
55408,MN
55470,MN
55481,MN
55411,MN
55477,MN
55443,MN
55420,MN
55418,MN
55480,MN
55404,MN
55432,MN
55487,MN
55490,MN
55463,MN
55449,MN
55402,MN
55486,MN
55319,MN
55309,MN
55390,MN
55380,MN
55325,MN
55334,MN
55348,MN
55314,MN
55318,MN
55362,MN
55336,MN
55328,MN
55312,MN
55350,MN
55305,MN
55375,MN
55353,MN
55303,MN
55344,MN
55335,MN
55308,MN
55399,MN
55351,MN
55368,MN
55367,MN
55377,MN
55356,MN
55365,MN
55307,MN
55369,MN
55357,MN
55359,MN
55372,MN
55384,MN
55306,MN
55395,MN
55323,MN
55342,MN
55387,MN
55345,MN
55392,MN
55324,MN
55349,MN
55389,MN
55340,MN
55321,MN
55394,MN
55339,MN
55332,MN
55391,MN
55360,MN
55302,MN
55385,MN
55300,MN
55388,MN
55320,MN
55322,MN
55338,MN
55337,MN
55370,MN
55329,MN
55341,MN
55371,MN
55386,MN
55398,MN
55381,MN
55346,MN
55327,MN
55330,MN
55313,MN
55333,MN
55376,MN
55373,MN
55352,MN
55358,MN
55361,MN
55347,MN
55304,MN
55355,MN
55378,MN
55343,MN
55374,MN
55316,MN
55310,MN
55315,MN
55326,MN
55382,MN
55383,MN
55354,MN
55143,MN
55163,MN
55179,MN
55165,MN
55170,MN
55153,MN
55127,MN
55144,MN
55181,MN
55146,MN
55187,MN
55152,MN
55125,MN
55169,MN
55141,MN
55159,MN
55111,MN
55138,MN
55131,MN
55136,MN
55155,MN
55183,MN
55156,MN
55198,MN
55160,MN
55114,MN
55115,MN
55133,MN
55148,MN
55168,MN
55150,MN
55157,MN
55193,MN
55154,MN
55101,MN
55119,MN
55110,MN
55142,MN
55149,MN
55184,MN
55189,MN
55195,MN
55117,MN
55130,MN
55113,MN
55104,MN
55105,MN
55140,MN
55151,MN
55158,MN
55137,MN
55166,MN
55182,MN
55109,MN
55126,MN
55139,MN
55103,MN
55107,MN
55162,MN
55120,MN
55177,MN
55161,MN
55171,MN
55173,MN
55132,MN
55191,MN
55121,MN
55134,MN
55102,MN
55190,MN
55128,MN
55106,MN
55196,MN
55112,MN
55108,MN
55197,MN
55122,MN
55180,MN
55178,MN
55185,MN
55176,MN
55116,MN
55199,MN
55118,MN
55167,MN
55192,MN
55147,MN
55186,MN
55124,MN
55085,MN
55009,MN
55013,MN
55076,MN
55047,MN
55027,MN
55012,MN
55021,MN
55055,MN
55039,MN
55091,MN
55036,MN
55052,MN
55098,MN
55063,MN
55067,MN
55023,MN
55026,MN
55011,MN
55090,MN
55037,MN
55038,MN
55002,MN
55068,MN
55049,MN
55029,MN
55043,MN
55008,MN
55069,MN
55071,MN
55084,MN
55096,MN
55010,MN
55061,MN
55018,MN
55035,MN
55066,MN
55046,MN
55006,MN
55057,MN
55081,MN
55093,MN
55099,MN
55089,MN
55032,MN
55054,MN
55095,MN
55001,MN
55000,MN
55040,MN
55079,MN
55077,MN
55097,MN
55082,MN
55050,MN
55004,MN
55030,MN
55073,MN
55062,MN
55075,MN
55024,MN
55020,MN
55033,MN
55059,MN
55048,MN
55092,MN
55025,MN
55016,MN
55070,MN
55064,MN
55045,MN
55017,MN
55019,MN
55042,MN
55003,MN
55051,MN
55007,MN
55060,MN
55022,MN
55015,MN
55014,MN
55086,MN
55053,MN
55087,MN
55065,MN
55088,MN
55005,MN
55080,MN
55078,MN
44170,OH
44118,OH
44178,OH
44103,OH
44125,OH
44112,OH
44104,OH
44190,OH
44183,OH
44169,OH
44180,OH
44173,OH
44141,OH
44134,OH
44176,OH
44189,OH
44120,OH
44155,OH
44179,OH
44193,OH
44196,OH
44184,OH
44144,OH
44148,OH
44135,OH
44188,OH
44138,OH
44172,OH
44145,OH
44153,OH
44121,OH
44136,OH
44115,OH
44127,OH
44117,OH
44192,OH
44142,OH
44197,OH
44100,OH
44166,OH
44167,OH
44111,OH
44160,OH
44174,OH
44154,OH
44132,OH
44114,OH
44139,OH
44159,OH
44126,OH
44186,OH
44123,OH
44162,OH
44177,OH
44158,OH
44119,OH
44163,OH
44109,OH
44168,OH
44137,OH
44102,OH
44140,OH
44146,OH
44122,OH
44108,OH
44116,OH
44175,OH
44101,OH
44185,OH
44182,OH
44147,OH
44165,OH
44156,OH
44151,OH
44124,OH
44129,OH
44128,OH
44131,OH
44171,OH
44187,OH
44149,OH
44157,OH
44152,OH
44113,OH
44195,OH
44194,OH
44181,OH
44105,OH
44110,OH
44012,OH
44053,OH
44071,OH
44078,OH
44077,OH
44052,OH
44087,OH
44021,OH
44093,OH
44040,OH
44069,OH
44095,OH
44049,OH
44031,OH
44023,OH
44038,OH
44041,OH
44057,OH
44096,OH
44000,OH
44027,OH
44050,OH
44013,OH
44036,OH
44048,OH
44039,OH
44010,OH
44066,OH
44005,OH
44091,OH
44097,OH
44090,OH
44070,OH
44063,OH
44074,OH
44061,OH
44035,OH
44098,OH
44029,OH
44045,OH
44007,OH
44075,OH
44060,OH
44001,OH
44085,OH
44083,OH
44062,OH
44082,OH
44084,OH
44032,OH
44055,OH
44016,OH
44037,OH
44064,OH
44034,OH
44042,OH
44056,OH
44017,OH
44068,OH
44047,OH
44099,OH
44080,OH
44044,OH
44030,OH
44019,OH
44006,OH
44003,OH
44018,OH
44014,OH
44086,OH
44022,OH
44092,OH
44020,OH
44033,OH
44081,OH
44072,OH
44004,OH
44025,OH
44079,OH
44073,OH
44009,OH
44046,OH
44008,OH
44089,OH
44059,OH
44054,OH
44026,OH
44051,OH
44015,OH
44231,OH
44213,OH
44297,OH
44242,OH
44244,OH
44226,OH
44294,OH
44218,OH
44291,OH
44206,OH
44266,OH
44254,OH
44264,OH
44296,OH
44203,OH
44221,OH
44259,OH
44232,OH
44282,OH
44252,OH
44292,OH
44235,OH
44236,OH
44290,OH
44228,OH
44251,OH
44293,OH
44233,OH
44223,OH
44227,OH
44241,OH
44261,OH
44269,OH
44237,OH
44265,OH
44247,OH
44287,OH
44212,OH
44271,OH
44286,OH
44201,OH
44225,OH
44239,OH
44289,OH
44258,OH
44248,OH
44246,OH
44270,OH
44229,OH
44262,OH
44295,OH
44275,OH
44298,OH
44202,OH
44215,OH
44243,OH
44277,OH
44234,OH
44216,OH
44208,OH
44209,OH
44278,OH
44219,OH
44283,OH
44222,OH
44276,OH
44255,OH
44268,OH
44273,OH
44299,OH
44249,OH
44260,OH
44253,OH
44230,OH
44200,OH
44263,OH
44220,OH
44280,OH
44285,OH
44211,OH
44207,OH
44281,OH
44288,OH
44205,OH
44272,OH
44250,OH
44214,OH
44257,OH
44240,OH
27732,NC
27704,NC
27779,NC
27730,NC
27787,NC
27767,NC
27715,NC
27792,NC
27765,NC
27788,NC
27777,NC
27743,NC
27789,NC
27785,NC
27744,NC
27758,NC
27776,NC
27795,NC
27728,NC
27752,NC
27717,NC
27708,NC
27797,NC
27755,NC
27770,NC
27735,NC
27799,NC
27748,NC
27793,NC
27723,NC
27784,NC
27739,NC
27731,NC
27766,NC
27768,NC
27764,NC
27757,NC
27741,NC
27775,NC
27794,NC
27709,NC
27706,NC
27778,NC
27701,NC
27760,NC
27718,NC
27702,NC
27774,NC
27726,NC
27733,NC
27705,NC
27725,NC
27798,NC
27713,NC
27769,NC
27727,NC
27762,NC
27742,NC
27738,NC
27753,NC
27751,NC
27754,NC
27721,NC
27783,NC
27756,NC
27714,NC
27763,NC
27712,NC
27780,NC
27703,NC
27782,NC
27796,NC
27786,NC
27736,NC
27761,NC
27749,NC
27745,NC
27781,NC
27724,NC
27734,NC
27771,NC
27747,NC
27737,NC
27710,NC
27720,NC
27773,NC
27791,NC
27750,NC
27759,NC
27568,NC
27535,NC
27578,NC
27514,NC
27573,NC
27509,NC
27584,NC
27590,NC
27596,NC
27551,NC
27576,NC
27521,NC
27502,NC
27547,NC
27549,NC
27599,NC
27580,NC
27572,NC
27593,NC
27562,NC
27503,NC
27579,NC
27591,NC
27574,NC
27510,NC
27560,NC
27534,NC
27517,NC
27513,NC
27520,NC
27571,NC
27595,NC
27586,NC
27527,NC
27536,NC
27529,NC
27553,NC
27540,NC
27564,NC
27542,NC
27516,NC
27541,NC
27518,NC
27559,NC
27508,NC
27532,NC
27538,NC
27533,NC
27556,NC
27512,NC
27500,NC
27567,NC
27544,NC
27555,NC
27587,NC
27570,NC
27589,NC
27558,NC
27507,NC
27524,NC
27554,NC
27592,NC
27575,NC
27594,NC
27563,NC
27566,NC
27505,NC
27543,NC
27548,NC
27545,NC
27522,NC
27552,NC
27526,NC
27525,NC
27519,NC
27537,NC
27506,NC
27565,NC
27582,NC
27530,NC
27577,NC
27581,NC
27557,NC
27550,NC
27585,NC
27561,NC
27546,NC
27515,NC
27528,NC
27683,NC
27646,NC
27653,NC
27697,NC
27663,NC
27652,NC
27628,NC
27694,NC
27658,NC
27623,NC
27672,NC
27636,NC
27600,NC
27677,NC
27669,NC
27643,NC
27692,NC
27691,NC
27667,NC
27637,NC
27688,NC
27614,NC
27605,NC
27659,NC
27640,NC
27627,NC
27634,NC
27685,NC
27662,NC
27631,NC
27693,NC
27609,NC
27670,NC
27608,NC
27668,NC
27644,NC
27650,NC
27684,NC
27661,NC
27657,NC
27666,NC
27681,NC
27675,NC
27611,NC
27647,NC
27625,NC
27612,NC
27603,NC
27687,NC
27621,NC
27655,NC
27630,NC
27622,NC
27624,NC
27602,NC
27617,NC
27635,NC
27682,NC
27679,NC
27695,NC
27629,NC
27649,NC
27660,NC
27620,NC
27601,NC
27690,NC
27651,NC
27671,NC
27639,NC
27633,NC
27626,NC
27676,NC
27686,NC
27673,NC
27656,NC
27680,NC
27604,NC
27654,NC
27632,NC
27610,NC
27619,NC
27645,NC
27674,NC
27641,NC
27638,NC
27615,NC
27642,NC
27607,NC
27616,NC
27419,NC
27480,NC
27469,NC
27496,NC
27491,NC
27475,NC
27440,NC
27487,NC
27486,NC
27493,NC
27488,NC
27432,NC
27407,NC
27499,NC
27404,NC
27430,NC
27459,NC
27448,NC
27458,NC
27494,NC
27482,NC
27411,NC
27477,NC
27405,NC
27439,NC
27427,NC
27421,NC
27437,NC
27401,NC
27434,NC
27478,NC
27426,NC
27492,NC
27453,NC
27442,NC
27408,NC
27413,NC
27402,NC
27435,NC
27471,NC
27416,NC
27495,NC
27484,NC
27481,NC
27400,NC
27428,NC
27449,NC
27429,NC
27443,NC
27447,NC
27420,NC
27467,NC
27412,NC
27446,NC
27423,NC
27410,NC
27409,NC
27489,NC
27431,NC
27457,NC
27479,NC
27444,NC
27460,NC
27485,NC
27417,NC
27425,NC
27441,NC
27451,NC
27452,NC
27438,NC
27418,NC
27454,NC
27483,NC
27462,NC
27474,NC
27436,NC
27470,NC
27466,NC
27461,NC
27424,NC
27464,NC
27445,NC
27463,NC
27497,NC
27450,NC
27415,NC
27498,NC
27422,NC
27490,NC
27217,NC
27251,NC
27261,NC
27229,NC
27273,NC
27239,NC
27284,NC
27256,NC
27297,NC
27237,NC
27280,NC
27220,NC
27201,NC
27228,NC
27255,NC
27235,NC
27270,NC
27236,NC
27226,NC
27204,NC
27294,NC
27269,NC
27225,NC
27209,NC
27222,NC
27276,NC
27200,NC
27266,NC
27274,NC
27275,NC
27224,NC
27249,NC
27247,NC
27254,NC
27227,NC
27242,NC
27246,NC
27264,NC
27221,NC
27262,NC
27206,NC
27212,NC
27291,NC
27265,NC
27268,NC
27271,NC
27223,NC
27288,NC
27272,NC
27278,NC
27241,NC
27253,NC
27279,NC
27233,NC
27244,NC
27203,NC
27295,NC
27232,NC
27257,NC
27238,NC
27240,NC
27292,NC
27234,NC
27260,NC
27263,NC
27277,NC
27202,NC
27252,NC
27215,NC
27231,NC
27289,NC
27245,NC
27282,NC
27259,NC
27299,NC
27293,NC
27218,NC
27285,NC
27250,NC
27216,NC
27243,NC
27219,NC
27267,NC
27214,NC
27298,NC
27205,NC
27287,NC
27208,NC
27296,NC
27114,NC
27129,NC
27124,NC
27106,NC
27177,NC
27102,NC
27199,NC
27175,NC
27126,NC
27139,NC
27189,NC
27161,NC
27166,NC
27198,NC
27144,NC
27163,NC
27167,NC
27176,NC
27164,NC
27132,NC
27179,NC
27173,NC
27133,NC
27109,NC
27153,NC
27110,NC
27185,NC
27193,NC
27183,NC
27127,NC
27118,NC
27172,NC
27113,NC
27162,NC
27188,NC
27151,NC
27117,NC
27155,NC
27138,NC
27152,NC
27111,NC
27197,NC
27154,NC
27142,NC
27123,NC
27194,NC
27137,NC
27100,NC
27146,NC
27107,NC
27157,NC
27150,NC
27182,NC
27122,NC
27174,NC
27192,NC
27158,NC
27168,NC
27136,NC
27121,NC
27116,NC
27101,NC
27190,NC
27191,NC
27105,NC
27149,NC
27187,NC
27181,NC
27108,NC
27186,NC
27134,NC
27195,NC
27141,NC
27104,NC
27131,NC
27120,NC
27130,NC
27171,NC
27160,NC
27143,NC
27169,NC
27147,NC
27148,NC
27196,NC
27184,NC
27112,NC
27156,NC
27145,NC
27115,NC
27043,NC
27067,NC
27059,NC
27025,NC
27049,NC
27092,NC
27000,NC
27084,NC
27087,NC
27051,NC
27072,NC
27099,NC
27095,NC
27052,NC
27001,NC
27010,NC
27070,NC
27065,NC
27082,NC
27057,NC
27020,NC
27018,NC
27016,NC
27031,NC
27011,NC
27013,NC
27088,NC
27014,NC
27004,NC
27045,NC
27058,NC
27086,NC
27097,NC
27064,NC
27085,NC
27048,NC
27075,NC
27090,NC
27094,NC
27023,NC
27054,NC
27080,NC
27003,NC
27028,NC
27053,NC
27062,NC
27040,NC
27047,NC
27042,NC
27035,NC
27096,NC
27071,NC
27089,NC
27050,NC
27056,NC
27033,NC
27007,NC
27083,NC
27032,NC
27009,NC
27027,NC
27006,NC
27012,NC
27005,NC
27078,NC
27017,NC
27076,NC
27041,NC
27074,NC
27044,NC
27008,NC
27039,NC
27061,NC
27091,NC
27069,NC
27063,NC
27029,NC
27098,NC
27077,NC
27046,NC
27002,NC
27060,NC
27066,NC
27073,NC
27036,NC
27038,NC
27030,NC
27055,NC
27015,NC
63141,MO
63117,MO
63140,MO
63146,MO
63196,MO
63132,MO
63137,MO
63173,MO
63194,MO
63119,MO
63152,MO
63168,MO
63126,MO
63143,MO
63197,MO
63108,MO
63160,MO
63147,MO
63165,MO
63174,MO
63186,MO
63138,MO
63110,MO
63116,MO
63155,MO
63128,MO
63130,MO
63190,MO
63176,MO
63145,MO
63153,MO
63123,MO
63162,MO
63109,MO
63179,MO
63149,MO
63115,MO
63114,MO
63120,MO
63188,MO
63106,MO
63189,MO
63158,MO
63103,MO
63193,MO
63170,MO
63104,MO
63154,MO
63166,MO
63107,MO
63125,MO
63183,MO
63157,MO
63136,MO
63129,MO
63105,MO
63184,MO
63102,MO
63112,MO
63121,MO
63144,MO
63134,MO
63163,MO
63122,MO
63131,MO
63169,MO
63148,MO
63172,MO
63195,MO
63192,MO
63198,MO
63150,MO
63167,MO
63135,MO
63187,MO
63171,MO
63161,MO
63182,MO
63156,MO
63118,MO
63164,MO
63111,MO
63199,MO
63124,MO
63113,MO
63127,MO
63142,MO
63180,MO
63101,MO
63044,MO
63084,MO
63097,MO
63069,MO
63066,MO
63056,MO
63064,MO
63092,MO
63001,MO
63076,MO
63060,MO
63077,MO
63003,MO
63026,MO
63013,MO
63032,MO
63074,MO
63081,MO
63000,MO
63099,MO
63062,MO
63027,MO
63045,MO
63015,MO
63059,MO
63040,MO
63085,MO
63011,MO
63038,MO
63024,MO
63096,MO
63039,MO
63035,MO
63017,MO
63028,MO
63091,MO
63053,MO
63075,MO
63079,MO
63068,MO
63093,MO
63083,MO
63067,MO
63021,MO
63043,MO
63014,MO
63033,MO
63071,MO
63005,MO
63073,MO
63010,MO
63061,MO
63004,MO
63025,MO
63018,MO
63037,MO
63022,MO
63080,MO
63020,MO
63088,MO
63055,MO
63006,MO
63036,MO
63034,MO
63070,MO
63051,MO
63054,MO
63016,MO
63029,MO
63046,MO
63009,MO
63098,MO
63012,MO
63094,MO
63063,MO
63052,MO
63065,MO
63031,MO
63042,MO
63007,MO
63086,MO
63048,MO
63090,MO
63058,MO
63082,MO
63050,MO
63072,MO
63008,MO
63095,MO
63335,MO
63344,MO
63387,MO
63375,MO
63345,MO
63328,MO
63388,MO
63395,MO
63359,MO
63338,MO
63327,MO
63369,MO
63314,MO
63356,MO
63343,MO
63399,MO
63363,MO
63320,MO
63313,MO
63370,MO
63361,MO
63380,MO
63307,MO
63302,MO
63324,MO
63325,MO
63358,MO
63353,MO
63385,MO
63303,MO
63315,MO
63393,MO
63371,MO
63362,MO
63365,MO
63383,MO
63396,MO
63332,MO
63329,MO
63322,MO
63340,MO
63351,MO
63349,MO
63378,MO
63319,MO
63326,MO
63389,MO
63391,MO
63305,MO
63316,MO
63355,MO
63360,MO
63306,MO
63357,MO
63311,MO
63301,MO
63339,MO
63364,MO
63390,MO
63348,MO
63331,MO
63337,MO
63354,MO
63323,MO
63367,MO
63352,MO
63372,MO
63366,MO
63392,MO
63381,MO
63308,MO
63330,MO
63321,MO
63336,MO
63341,MO
63318,MO
63379,MO
63382,MO
63377,MO
63376,MO
63347,MO
63397,MO
63386,MO
63300,MO
63312,MO
63394,MO
63304,MO
63346,MO
63309,MO
64174,MO
64116,MO
64190,MO
64153,MO
64118,MO
64101,MO
64162,MO
64107,MO
64128,MO
64129,MO
64180,MO
64167,MO
64104,MO
64103,MO
64151,MO
64177,MO
64136,MO
64115,MO
64192,MO
64117,MO
64141,MO
64158,MO
64191,MO
64102,MO
64145,MO
64187,MO
64109,MO
64110,MO
64195,MO
64175,MO
64142,MO
64171,MO
64120,MO
64157,MO
64149,MO
64182,MO
64111,MO
64159,MO
64148,MO
64183,MO
64179,MO
64125,MO
64172,MO
64113,MO
64137,MO
64146,MO
64193,MO
64196,MO
64160,MO
64121,MO
64134,MO
64170,MO
64140,MO
64114,MO
64123,MO
64194,MO
64164,MO
64143,MO
64127,MO
64131,MO
64184,MO
64188,MO
64112,MO
64169,MO
64130,MO
64105,MO
64147,MO
64150,MO
64144,MO
64106,MO
64133,MO
64122,MO
64155,MO
64135,MO
64181,MO
64161,MO
64156,MO
64154,MO
64100,MO
64138,MO
64152,MO
64176,MO
64197,MO
64132,MO
64168,MO
64166,MO
64163,MO
64189,MO
64186,MO
64007,MO
64094,MO
64059,MO
64084,MO
64074,MO
64089,MO
64014,MO
64040,MO
64080,MO
64060,MO
64064,MO
64044,MO
64038,MO
64015,MO
64009,MO
64097,MO
64049,MO
64058,MO
64068,MO
64075,MO
64023,MO
64002,MO
64034,MO
64018,MO
64095,MO
64077,MO
64003,MO
64045,MO
64046,MO
64024,MO
64065,MO
64071,MO
64028,MO
64020,MO
64083,MO
64091,MO
64006,MO
64016,MO
64070,MO
64053,MO
64033,MO
64008,MO
64030,MO
64011,MO
64086,MO
64032,MO
64052,MO
64012,MO
64078,MO
64019,MO
64043,MO
64004,MO
64062,MO
64035,MO
64005,MO
64085,MO
64001,MO
64056,MO
64048,MO
64088,MO
64010,MO
64039,MO
64092,MO
64067,MO
64082,MO
64036,MO
64061,MO
64025,MO
64072,MO
64000,MO
64096,MO
64057,MO
64069,MO
64099,MO
64098,MO
64050,MO
64090,MO
64026,MO
64079,MO
64093,MO
64087,MO
64055,MO
64027,MO
64081,MO
64063,MO
64054,MO
64051,MO
64042,MO
64073,MO
66209,KS
66225,KS
66206,KS
66274,KS
66208,KS
66262,KS
66271,KS
66216,KS
66232,KS
66289,KS
66293,KS
66250,KS
66243,KS
66272,KS
66283,KS
66204,KS
66284,KS
66278,KS
66291,KS
66251,KS
66281,KS
66217,KS
66207,KS
66277,KS
66219,KS
66238,KS
66205,KS
66212,KS
66264,KS
66222,KS
66287,KS
66276,KS
66259,KS
66268,KS
66299,KS
66237,KS
66233,KS
66280,KS
66282,KS
66210,KS
66211,KS
66215,KS
66245,KS
66258,KS
66269,KS
66273,KS
66292,KS
66260,KS
66275,KS
66267,KS
66265,KS
66248,KS
66224,KS
66220,KS
66227,KS
66294,KS
66228,KS
66255,KS
66270,KS
66261,KS
66296,KS
66235,KS
66288,KS
66242,KS
66290,KS
66279,KS
66240,KS
66257,KS
66256,KS
66254,KS
66239,KS
66226,KS
66263,KS
66234,KS
66298,KS
66286,KS
66203,KS
66246,KS
66201,KS
66223,KS
66252,KS
66247,KS
66249,KS
66253,KS
66214,KS
66202,KS
66236,KS
66241,KS
66244,KS
66082,KS
66024,KS
66052,KS
66097,KS
66025,KS
66076,KS
66092,KS
66002,KS
66055,KS
66001,KS
66077,KS
66067,KS
66049,KS
66070,KS
66015,KS
66074,KS
66075,KS
66069,KS
66036,KS
66071,KS
66041,KS
66047,KS
66083,KS
66010,KS
66022,KS
66018,KS
66029,KS
66004,KS
66013,KS
66089,KS
66084,KS
66072,KS
66019,KS
66091,KS
66007,KS
66057,KS
66034,KS
66093,KS
66087,KS
66048,KS
66044,KS
66045,KS
66094,KS
66050,KS
66005,KS
66061,KS
66078,KS
66095,KS
66032,KS
66014,KS
66042,KS
66033,KS
66017,KS
66028,KS
66008,KS
66098,KS
66081,KS
66064,KS
66065,KS
66027,KS
66035,KS
66056,KS
66063,KS
66058,KS
66021,KS
66030,KS
66088,KS
66096,KS
66073,KS
66054,KS
66037,KS
66000,KS
66053,KS
66051,KS
66062,KS
66080,KS
66086,KS
66068,KS
66040,KS
66043,KS
66012,KS
66079,KS
66009,KS
66038,KS
66006,KS
66066,KS
66003,KS
66099,KS
66039,KS
70631,LA
70675,LA
70642,LA
70616,LA
70692,LA
70646,LA
70608,LA
70676,LA
70622,LA
70648,LA
70677,LA
70683,LA
70690,LA
70697,LA
70604,LA
70649,LA
70617,LA
70644,LA
70661,LA
70624,LA
70601,LA
70662,LA
70669,LA
70691,LA
70674,LA
70678,LA
70625,LA
70629,LA
70630,LA
70653,LA
70670,LA
70687,LA
70666,LA
70671,LA
70655,LA
70664,LA
70699,LA
70626,LA
70607,LA
70637,LA
70627,LA
70612,LA
70656,LA
70682,LA
70663,LA
70698,LA
70620,LA
70654,LA
70652,LA
70613,LA
70672,LA
70660,LA
70639,LA
70635,LA
70647,LA
70693,LA
70633,LA
70685,LA
70658,LA
70641,LA
70619,LA
70605,LA
70668,LA
70618,LA
70634,LA
70638,LA
70650,LA
70686,LA
70611,LA
70696,LA
70636,LA
70657,LA
70602,LA
70667,LA
70695,LA
70610,LA
70659,LA
70643,LA
70680,LA
70606,LA
70609,LA
70694,LA
70665,LA
70688,LA
70681,LA
70684,LA
70621,LA
70645,LA
70679,LA
70883,LA
70833,LA
70876,LA
70823,LA
70884,LA
70830,LA
70822,LA
70853,LA
70881,LA
70831,LA
70818,LA
70827,LA
70892,LA
70860,LA
70852,LA
70878,LA
70887,LA
70899,LA
70832,LA
70803,LA
70859,LA
70817,LA
70837,LA
70808,LA
70801,LA
70894,LA
70807,LA
70877,LA
70871,LA
70820,LA
70843,LA
70862,LA
70844,LA
70842,LA
70875,LA
70841,LA
70863,LA
70886,LA
70810,LA
70839,LA
70840,LA
70800,LA
70813,LA
70814,LA
70874,LA
70845,LA
70872,LA
70873,LA
70854,LA
70856,LA
70865,LA
70847,LA
70895,LA
70846,LA
70819,LA
70855,LA
70882,LA
70848,LA
70804,LA
70809,LA
70821,LA
70806,LA
70836,LA
70851,LA
70858,LA
70868,LA
70889,LA
70828,LA
70812,LA
70850,LA
70816,LA
70829,LA
70896,LA
70897,LA
70802,LA
70870,LA
70898,LA
70815,LA
70861,LA
70825,LA
70867,LA
70890,LA
70880,LA
70826,LA
70893,LA
70888,LA
70838,LA
70879,LA
70864,LA
70747,LA
70728,LA
70766,LA
70778,LA
70786,LA
70794,LA
70782,LA
70716,LA
70769,LA
70707,LA
70791,LA
70763,LA
70703,LA
70726,LA
70710,LA
70796,LA
70757,LA
70774,LA
70740,LA
70708,LA
70705,LA
70721,LA
70735,LA
70736,LA
70780,LA
70750,LA
70723,LA
70797,LA
70770,LA
70745,LA
70730,LA
70748,LA
70776,LA
70741,LA
70718,LA
70734,LA
70793,LA
70790,LA
70738,LA
70717,LA
70751,LA
70733,LA
70722,LA
70732,LA
70754,LA
70771,LA
70719,LA
70755,LA
70727,LA
70787,LA
70731,LA
70761,LA
70799,LA
70713,LA
70725,LA
70752,LA
70767,LA
70779,LA
70715,LA
70756,LA
70742,LA
70702,LA
70712,LA
70785,LA
70773,LA
70746,LA
70777,LA
70743,LA
70729,LA
70720,LA
70744,LA
70784,LA
70749,LA
70739,LA
70789,LA
70711,LA
70762,LA
70701,LA
70759,LA
70798,LA
70714,LA
70765,LA
70704,LA
70764,LA
70753,LA
70795,LA
70783,LA
70772,LA
70775,LA
70541,LA
70568,LA
70569,LA
70523,LA
70573,LA
70547,LA
70526,LA
70504,LA
70535,LA
70509,LA
70557,LA
70580,LA
70571,LA
70556,LA
70514,LA
70511,LA
70570,LA
70575,LA
70545,LA
70597,LA
70562,LA
70508,LA
70512,LA
70572,LA
70532,LA
70587,LA
70592,LA
70590,LA
70531,LA
70520,LA
70577,LA
70578,LA
70551,LA
70517,LA
70546,LA
70589,LA
70579,LA
70559,LA
70594,LA
70525,LA
70500,LA
70588,LA
70502,LA
70576,LA
70530,LA
70510,LA
70528,LA
70524,LA
70555,LA
70505,LA
70598,LA
70591,LA
70538,LA
70513,LA
70554,LA
70582,LA
70566,LA
70599,LA
70519,LA
70553,LA
70552,LA
70533,LA
70595,LA
70574,LA
70593,LA
70563,LA
70548,LA
70503,LA
70540,LA
70544,LA
70521,LA
70534,LA
70542,LA
70506,LA
70558,LA
70586,LA
70543,LA
70583,LA
70549,LA
70560,LA
70550,LA
70561,LA
70501,LA
70527,LA
70515,LA
70536,LA
70516,LA
70507,LA
70565,LA
70365,LA
70351,LA
70389,LA
70313,LA
70338,LA
70311,LA
70321,LA
70386,LA
70352,LA
70378,LA
70339,LA
70357,LA
70344,LA
70342,LA
70327,LA
70372,LA
70305,LA
70312,LA
70380,LA
70340,LA
70361,LA
70387,LA
70302,LA
70383,LA
70300,LA
70322,LA
70360,LA
70309,LA
70354,LA
70334,LA
70396,LA
70303,LA
70345,LA
70390,LA
70329,LA
70335,LA
70355,LA
70376,LA
70307,LA
70332,LA
70384,LA
70318,LA
70346,LA
70382,LA
70366,LA
70398,LA
70369,LA
70397,LA
70353,LA
70316,LA
70395,LA
70373,LA
70368,LA
70315,LA
70358,LA
70371,LA
70392,LA
70336,LA
70364,LA
70308,LA
70324,LA
70317,LA
70347,LA
70359,LA
70341,LA
70370,LA
70310,LA
70333,LA
70331,LA
70363,LA
70319,LA
70328,LA
70343,LA
70325,LA
70337,LA
70394,LA
70362,LA
70374,LA
70304,LA
70348,LA
70367,LA
70393,LA
70356,LA
70375,LA
70301,LA
70350,LA
70349,LA
70326,LA
70381,LA
99557,AK
99583,AK
99538,AK
99533,AK
99554,AK
99548,AK
99569,AK
99582,AK
99560,AK
99571,AK
99577,AK
99527,AK
99581,AK
99516,AK
99542,AK
99506,AK
99514,AK
99526,AK
99598,AK
99579,AK
99596,AK
99551,AK
99564,AK
99597,AK
99517,AK
99525,AK
99580,AK
99575,AK
99576,AK
99559,AK
99518,AK
99592,AK
99523,AK
99594,AK
99500,AK
99561,AK
99587,AK
99570,AK
99590,AK
99595,AK
99585,AK
99556,AK
99573,AK
99555,AK
99509,AK
99578,AK
99519,AK
99522,AK
99536,AK
99512,AK
99510,AK
99591,AK
99547,AK
99511,AK
99558,AK
99599,AK
99563,AK
99567,AK
99541,AK
99540,AK
99566,AK
99584,AK
99520,AK
99528,AK
99524,AK
99589,AK
99572,AK
99504,AK
99501,AK
99545,AK
99552,AK
99543,AK
99537,AK
99549,AK
99539,AK
99546,AK
99574,AK
99502,AK
99562,AK
99530,AK
99515,AK
99531,AK
99535,AK
99508,AK
99513,AK
99588,AK
99534,AK
99550,AK
99568,AK
99610,AK
99681,AK
99651,AK
99696,AK
99608,AK
99618,AK
99648,AK
99632,AK
99680,AK
99667,AK
99682,AK
99683,AK
99692,AK
99633,AK
99675,AK
99611,AK
99653,AK
99631,AK
99697,AK
99671,AK
99627,AK
99638,AK
99679,AK
99602,AK
99628,AK
99674,AK
99613,AK
99607,AK
99655,AK
99647,AK
99620,AK
99670,AK
99660,AK
99672,AK
99609,AK
99643,AK
99673,AK
99664,AK
99640,AK
99629,AK
99658,AK
99677,AK
99619,AK
99694,AK
99639,AK
99615,AK
99650,AK
99663,AK
99693,AK
99654,AK
99684,AK
99624,AK
99622,AK
99642,AK
99659,AK
99645,AK
99691,AK
99605,AK
99630,AK
99669,AK
99698,AK
99614,AK
99626,AK
99612,AK
99634,AK
99636,AK
99686,AK
99604,AK
99656,AK
99606,AK
99600,AK
99652,AK
99688,AK
99603,AK
99616,AK
99662,AK
99649,AK
99617,AK
99666,AK
99623,AK
99646,AK
99625,AK
99690,AK
99678,AK
99601,AK
99661,AK
99635,AK
99644,AK
99676,AK
99714,AK
99718,AK
99794,AK
99765,AK
99791,AK
99715,AK
99726,AK
99732,AK
99724,AK
99712,AK
99747,AK
99758,AK
99761,AK
99763,AK
99731,AK
99771,AK
99785,AK
99767,AK
99700,AK
99746,AK
99792,AK
99708,AK
99735,AK
99719,AK
99752,AK
99722,AK
99776,AK
99796,AK
99750,AK
99756,AK
99790,AK
99795,AK
